Name,Target
yash,1
prit,1
meet,1
drashti,0
saloni,0
hinal,0
jay,1
darshana,0
hardik,1
janvi,0
ronak,1
naman,1
khyati,0
sikha,0
minal,0
milan,1
kaushik,1
smit,1
ravina,0
priti,0
hetal,0
pooja,0
kishan,1
akshar,1
akshay,1
radhika,0
riya,0
komal,0
mihir,1
kunjal,1
moxil,1
mona,0
bhavya,1
bhavika,0
rina,0
hetavi,0
manoj,1
raghav,1
gopal,1
jasmin,1
akshay,1
sweta,0
vidhi,0
nayan,1
prashant,1
sonal,0
bhavika,0
bhavik,1
manthan,1
preet,1
darpit,1
harsh,1
kashyap,1
bhautik,1
dhruv,1
ishva,0
mitesh,1
denish,1
abhi,1
jenish,1
jenny,0
dhruvi,0
margi,0
kajal,0
mital,0
nevil,1
krishna,1
krishna,0
dhavni,0
hemanshi,0
ishaan,1
shyla,0
amar,1
diya,0
divya,0
ananya,0
jaya,0
sana,0
anjali,0
aditi,0
nikhil,1
shaan,1
sahil,1
darsh,1
ashwin,1
deven,1
shaila,0
salina,0
varun,1
devi,0
dhara,0
akhilesh,1
sunil,1
rajiv,1
bhanu,1
abhishek,1
abhimanyu,1
abhiman,1
bharat,1
ila,0
manisha,0
harshvi,0
harshav,1
anshu,0
shanti,0
hanshika,0
kamala,0
anuradha,0
dev,1
devendra,1
avinash,1
darsha,0
janak,1
chandani,0
mohan,1
laxmi,0
leela,0
abhay,1
alok,1
shalini,0
shivani,0
mansi,0
mazida,0
meena,0
hina,0
anita,0
balaraj,1
sharad,1
amit,1
sanjay,1
vikram,1
ram kumar,1
rohit,1
santosh,1
isha,0
sonam,0
shakshi ,0
sagar,1
neetu,0
prathamesh,1
sanjana,0
sneha,0
snehal,0
sanyukta,0
mohit,1
rohan,1
rehan,1
vaishaki,0
kanika,0
kareena,0
katrina,0
salman,1
abhijit,1
daya,0
jethalal,1
babita,0
iyer,1
vijay,1
roshan,1
reena,0
neha,0
pranjali,0
rushabh,1
hrutik,1
khushboo,0
khushi,0
jyoti,0
rekha,0
tina,0
varsha,0
pravin,1
prince,1
prem,1
anand,1
kavita,0
ruta,0
ritu,0
swamini,0
kadambari,0
priyanka,0
champa,0
ashu,0
monika,0
ketki,0
nihar,1
hanuman,1
anirudh,1
sahil,1
reet,1
riya,0
dinesh,1
mukesh,1
nilesha,1
gulabsing,1
leena,0
vertaj,1
siddhesh,1
riddhi,0
siddhi,0
ruchita,0
satyam,1
pragnesh,1
jignesh,1
gulam,1
shiv,1
deep,1
shivam,1
parth,1
dharam,1
saurbh,1
pankaj,1
ritesh,1
sumit,1
vivek,1
tejas,1
sarthak,1
preeti,0
himmat,1
hinal,0
atharva,1
sarvesh,1
pratik,1
tanmay,1
sanjiv,1
poonam,0
soumya,0
rushikesh,1
nishit,1
priya,0
shashank,1
tooba,0
ruby,0
purvi,0
sheetal,0
shraddhesh,1
kalyani,0
heet,1
heer,0
anushri,0
eram,0
sanket,1
sudhir,1
aakansha,0
jash,1
sayandip,1
faikha,0
jitesh,1
anshul,1
sumedh,1
satyarth,1
deepa,0
harsha,0
harsh,1
krishma,0
savita,0
rajan,1
noopur,0
ayush,1
kriti,0
nikita,0
mushk,0
rakhi,0
mamta,0
adarsh,1
ishan,1
janki,0
nitesh,1
sohini,0
rinku,0
doly,0
pavan,1
utsav,1
madhura,0
swati,0
viren,1
amita,1
reena,0
nimesh,1
pallavi,0
mayuresh,1
dimpal,0
alisha,0
zaid,1
misbah,0
jinal,0
nilam,0
ruchi,0
raj,1
usha,0
omkar,1
lalita,0
seema,0
mahesh,1
roshini,0
geeta,0
narendra,1
shenaz,1
kaustubh,1
anuja,0
kiran,0
rajni,0
arnav,1
palak,0
kamla,0
noor,0
saroj,0
dipika,0
shivam,1
ramnik,1
deepak,1
manoj,1
anshuman,1
shailesh,1
namira,0
rajesh,1
juhi,0
virti,0
raavi,0
ravi,1
manish,1
sunita,0
yashvi,0
div,1
taral,1
sarfarz,1
ali,1
rahul,1
yogita,0
rajendra,1
devki,0
durga,0
sonya,0
rubina,0
sangeeta,0
nisha,0
nishant,1
sita,1
mahendra,1
sachin,1
ravindra,1
ambati,1
mohin,1
virat,1
ruturaj,1
bhawati,0
prasad,1
pinkesh,1
nitin,1
heet,1
zeel,1
rakesh,1
akshat,1
akshita,0
akshta,0
ronak,1
rinkesh,1
vansh,1
devansh,1
devanshi,0
pritesh,1
ramesh,1
anubhav,1
shlok,1
shloka,0
amaira,0
nvya,0
vinod,1
dugu,0
tarjan,1
delsi,0
daisy,0
grace,0
charmi,0
vipul,1
veer,1
vipin,1
nayan,1
jatin,1
shadab,1
kabir,1
farhan,1
sabir,1
rishi,1
virendra,1
disha,0
saifali,0
darshil,1
rutava,0
tripti,0
trupti,0
trupal,1
sheela,0
sakshi,0
kalpit,1
ashmin,0
gulshan,1
parveen,1
monark,1
jitendra,1
afifa,0
akhsita,0
urja,0
bhumi,0
simmy,0
chahat,0
dhanvarsha,0
sandhya,0
dhruvesh,1
gurdeep,1
ranju,0
ekta,0
payal,0
foram,0
sonya,0
vimla,0
suman,0
dipal,0
sitaram,1
pinki,0
het,1
pinku,1
honey,0
jasbi,1
madhvi,0
ruksana,0
om,1
dixit,1
dixita,0
robin,1
devki,0
priyanshi,0
aditya,1
rashmi,0
manan,1
shahid,1
vandna,0
farida,0
suhasini,0
asha,0
sharmila,0
hina,0
gutam,1
jainam,1
mox,1
durgesh,1
brijesh,1
sprash,1
punit,1
gurmit,1
gurpreet,1
siddhu,1
dharam,1
kejrival,1
pritam,1
devinder,1
raman,1
gajendra,1
atullah,1
hemlata,0
rihana,0
deepa,0
dipali,0
sabnam,0
anjum,0
utkarsh,1
mansi,0
baani,0
vaani,0
bansi,0
chintan,1
trusha,0
panth,1
avnish,1
jensi,0
rensi,0
rakshit,1
nensi,0
mansi,0
shubham,1
henil,1
kirti,0
vatsal,1
shrut,0
dhruvin,1
namrata,0
darshika,0
krunal,1
shreya,0
darshil,1
aarsh,1
abhik,1
romi,0
prutha,0
lipsa,0
dishank,0
vihana,0
nemil,1
krupali,0
dipen,1
preksha,0
naishar,1
shrey,1
jal,0
samir,1
keval,1
ravi,1
rakshita,0
shobha,0
shweta,0
riya,0
nia,0
shini,0
dhara,0
vrunda,0
yesha,0
trish,0
satish,1
sejal,0
gargi,0
fenil,1
mital,0
jalpa,0
hiren,1
nirali,0
apruva,1
sonu,1
purbi,0
shamil,1
amisha,0
urvisha,0
urvush,1
sweta,0
natasha,0
heetu,1
tanvi,0
naina,0
dhaval,1
vishruti,0
nadiya,0
astha,0
chaya,0
sakila,0
radha,0
neha,0
mira,0
swti,0
dhvani,0
minal,0
kashvi,0
maya,0
kaliksha,0
ishani,0
monik,1
twinkal,0
shruja,0
rupa,0
tarang,1
nikhil,1
daxit,1
army,1
surbhi,0
hetul,1
shreena,0
palav,0
shyam,1
divyesh,1
gopi,0
hardi,0
bhakti,0
man,1
metri,0
alka,0
juneb,0
romil,1
ankit,1
anandi,0
vrutika,0
dhrumin,1
muskan,0
rikesh,1
yagnik,1
yuvi,0
yuvaraj,1
manav,1
grishma,0
brinda,0
jaydeep,1
yug,1
pari,0
keyur,1
akash,1
vidhi,0
vidhisha,0
jimy,0
bhadresh,1
amiras,1
zenil,1
kanchan,0
sapana,0
feni,0
rajshree,0
swarupa,0
dipsa,0
cherish,1
rita,0
vaishali,0
himanshi,0
harihar,1
ruchit,1
noor,0
anmol,1
gaytri,0
shrushti,0
akshar,1
shivanya,0
unique,1
rujal,0
gulista,0
raghav,1
goral,0
jayraj,1
prashant,1
sanskar,1
femina,0
shayra,0
sandy,0
vrushal,1
bhavin,1
kamlesh,1
kinal,0
avira,0
karan,1
jogsingh,1
rinku,0
nirmla,0
kuldeep,1
sapan,1
bhaudeep,1
zarana,0
reema,0
mayur,1
danika,0
sillam,0
varun,1
harshid,1
risha,0
banasri,0
fiona,0
chitranjali,0
kriyesha,0
dravya,0
nagma,0
upena,0
varni,1
kruti,0
diaa,0
vandan,1
karishma,0
sunny,1
siyaahi,0
manpreet,1
hiari,0
binjal,0
yami,0
sindu,1
binny,0
srisa,0
ritika,0
niyati,0
barkha,0
chitra,0
meghana,0
mishti,0
vrushali,0
rushali,0
itee,0
hiti,0
brinza,0
nisha,0
mrunal,1
zeeya,0
misri,0
zeenat,0
darpan,1
koral,0
ankush,1
chakshu,0
tasarika,0
taanishka,0
kumud,0
trisha,0
margi,0
charu,0
charan,1
manas,1
kesha,0
diyara,0
kirthi,0
arman,1
masumi,0
purvam,1
naresh,1
radhey,1
shreyon,1
vinay,1
vineet,1
garima,0
vimal,1
shivaagna,0
tejaswini,0
lavnya,0
pal,0
tyani,0
sanchet,1
aftab,1
zarin,0
biren,1
vicky,1
karishmaashita,0
miloni,0
aruni,0
pranali,0
monali,0
yogi,1
sonam,0
akhtar,1
prapti,0
bhoomik,1
nirav,1
chirag,1
kundan,1
aditi,0
ajay,1
yusuf,1
irfan,1
yogesh,1
yashraj,1
arisfa,0
yagnesh,1
diva,0
haresh,1
nadim,1
imran,1
venish,1
salim,1
vraj,1
shaikh,1
vithal,1
vishrut,1
vishal,1
krushang,1
vrushang,1
viral,1
shrishti,0
bharti,0
chitra,0
lalita,0
vanita,0
rajni,0
dolly,0
poonam,0
dimpal,0
veera,0
ankita,0
masum,0
jeenat,0
soniya,0
namrta,0
ridhima,0
smita,0
parwati,0
prema,0
nandini,0
kanta,0
vinu,1
rizwan,1
vashant,1
vanshika,0
vallabh,1
swastik,1
shraddha,0
pragati,0
bhavana,0
valaji,1
sagar,1
nirbhay,1
greengal,0
vakil,1
tulsi,0
upendra,1
neela,0
umesh,1
umang,1
uka,1
samita,0
tushar,1
ishavar,1
isavar,1
krish,1
krisha,0
piyush,1
piyushi,0
tirth,1
tosif,1
tikmlal,1
thakarshi,1
shaurya,1
sanadhya,0
prahlad,1
saurabha,1
swetang,1
kanika,0
susil,1
shakti,1
sudhir,1
namita,0
rajan,1
sonanshu,1
raj,1
savaji,1
vaibhav,1
paresh,1
mithil,1
mehul,1
madhvi,0
kalpesh,1
pakhi,0
jagdish,1
gopal,1
dayalal,1
bhimji,1
bhavik,1
aravid,1
sima,0
shusila,1
shahid,1
savan,1
saumil,1
sarang,1
sandip,1
sanat,1
samir,1
jigna,0
rushik,1
rinkesh,1
mahesh,1
pragti,0
amit,1
ranchod,1
ranjan,1
randip,1
ramlal,1
jenil,1
puna,1
prabhu,1
pragat,1
prachi,0
praful ,1
popatlal,1
pinkesh,1
abdul,1
odha,1
jenish,1
nitesh,1
nita,0
niroj,1
nimesh,1
nilkanth,1
nikunj,1
nihal,1
nihar,1
neelay,1
nemish,1
neel,1
indra,0
manju,0
parul,0
tara,0
krishka,0
ilema,0
sahiba,0
chandni,0
bimla,0
maya,0
sarita,0
sukhbir,0
saveta,0
rani,0
kafia,0
minakshi,0
shabana,0
kinya,0
mumtaz,0
mohini,0
rupa,0
saroj,0
pushpa,0
imarana,0
kripya,0
chanchal,0
madhu,0
dhamishta,0
sonali,0
padma,0
jaya,0
sumitra,0
nathu,1
narsi,1
narayan,1
nanji,1
nagji,1
murili,1
bipin,1
ramji,1
miraj,1
mavji,1
manu,1
mansukh,1
manji,1
manhar,1
bhavin,1
lavaji,1
shubhas,1
labhu,1
kishor,1
kishan,1
kinjal,0
khushali,0
ashok,1
bhikha,1
kevin,1
keyur,1
ketan,1
hasmukh,1
kailash,0
kavita,0
karsan,1
sanjay,1
karan,1
kapli,1
kamal,1
kalpana,0
jivraj,1
jivan,1
jitu,1
jigar,1
nayan,1
jasvant,1
vandna,0
kiran,0
gauri,0
arti,0
neetu,0
nurbi,0
hemlata,0
hemal,0
aditya,0
janu,0
kajol,0
parvti,0
rajeshwari,0
shaifali,0
tanya,0
nilam,0
hetavi,0
bhavdeep,0
diana,0
sonam,0
sukhmani,0
kiaraa,0
alia,0
satpal,1
ram,1
parash,1
mustaq,1
bilal,1
jitendra,1
inder,1
shakib,1
divaraj,1
abhinav,1
vrajana,0
harshita,0
medha,0
bushraa,0
evaa,0
azruddin,1
mushir,1
avneet,0
chitranshi,0
govindh,1
govind,1
vasundhara,0
sakshi,0
ashi,0
anushka,0
moni,0
avatar,1
gaffar,1
deepak,1
lalit,1
brij,1
subhash,1
nishant,1
shekhar,1
hardeep,1
twarita,0
samreen,0
aayushi,0
neha,0
diksha,0
veerji,0
esha,0
kiara,0
sonal,0
mahira,0
sonalika,0
ragini,0
roopa,0
anup,1
aamir,1
aasif,1
abir,1
ali,1
anas,1
juhi,0
smriti,0
mouli,0
urvshi,0
jennifer,0
shilpa,0
aamna,0
anang,1
apurva,1
arhaan,1
arijit,1
arjit,1
arjun,1
arpit,1
barun,1
deven,1
rashami,0
sara,0
sukirti,0
madhurima,0
sanaya,0
sriti,0
hina,0
hiba,0
avika,0
mahima,0
runina,0
mugdha,0
dilip,1
gautam,1
gaurav,1
gurmeet,1
harsh,1
harshad,1
hiten,1
himanshu,1
jimit,1
karmveer,1
karanvir,1
kinshuk,1
sharda,0
kunal,1
giaa,0
adaa,0
pratyusha,0
rucha,0
yukti,0
nia,0
surbhi,0
gulki,0
shrenu,0
amrapali,0
toral,0
preetika,0
laksh,1
lavanya,1
leenesh,1
radhika,0
samiksha,0
sheen,0
erica,0
ashi,0
rhea,0
manav,1
mamik,1
mishal,1
iqbal,1
nazim,1
malik,1
nakuul,1
namik,1
namit,1
rishikaa,0
mayuri,0
nikki,0
param,1
paras,1
puneet,1
rahil,1
rajat,1
rajeev,1
randeep,1
ronit,1
mehtab,0
bibbo,0
devika,0
shobhna,0
jamuna,0
sitara,0
shanta,0
sadhana,0
nalini,0
meena,0
swaran,0
suraiya,0
asha,0
noor,0
sehban,1
siddhant,1
shah rukh,1
shantanu,1
shivaji,1
sumedh,1
varun,1
madhubala,0
uma,0
kamini,0
nimmi,0
shakila,0
shammi,0
bhanumati,0
nirupa,0
nutan,0
bina,0
nadira,0
vivian,1
zain,1
sushant,1
tiger,1
vir,1
hrithik,1
shahid,1
ranveer,1
taaha,1
ameeta,0
shyama,0
suchitra,0
minoo,0
mala,0
padmini,0
helen,0
nanda,0
saira,0
jayanthi,0
farhan,1
purab,1
harshvardhan,1
ayushman,1
fawad,1
bobby,1
gulshan,1
himeshreshammiya,1
ieshaan,1
jackky,1
hema,0
raakhee,0
yogeeta,0
reena,0
vidya,0
ranjeeta,0
deepti,0
sridevi,0
vijayta,0
rati,0
salma,0
meenakshi,0
neelam,0
urmila,0
kartik,1
mahakshay,1
omi,1
neil nitin,1
priyadarshan,1
pulkit,1
rajkummar,1
ritesh,1
saif ali khan,1
sammir,1
shiney,1
sooraj,1
suniel,1
bipasha,0
isha,0
keerthi,0
sandali,0
monica,0
tanishaa,0
meher,0
manjari,0
dakshita,0
eshan,1
meenu,0
jyostna,0
tamannaah,0
amol,1
sumeet,1
ishwak,1
aahana,0
yashaswini,0
aisha,0
maanvi,0
hansika,0
richa,0
sandeepa,0
parineeti,0
huma,0
iieana,0
amy,0
taapsee,0
lisa,0
athiya,0
mawara,0
ritika,0
janhvi,0
tripti,0
tara,0
mrunal,0
alaya,0
tejashri,0
arina,0
rajsi,0
anil,1
angira,0
bhuvan,1
chinmay,1
visshesh,1
deepesh,1
nimrat,0
kishwer,0
vrushika,0
mallika,0
sudev,1
gagandev√ø,1
mithila,0
tahir,1
alekh,1
raghu,1
raunak,1
nidhi,0
tridha,0
nehal,0
jinnie,0
shiny,0
supriya,0
iira,0
manvi,0
sanni,0
hansi,0
priyal,0
marina,0
veronica,0
tanima,0
gehana,0
neethu,0
nagma,0
flora,0
aarohi,0
kavya,0
anusmriti,0
mahi,0
aastha,0
prerika,0
pihu,0
prerna,0
raja,1
lokesh,1
chand,1
baljeet,1
dheeraj,1
chandan,1
laxman,1
jaidev,1
tarun,1
radhey,1
pradeep,1
nitish,1
aftab,1
vikramjeet,1
meena,0
ganga,0
madhuri,0
harprit,0
rubina,0
kamla,0
sahy,1
aysh,1
aysh,1
yhsa,1
sayh,1
PRIT,1
PRIT,1
ript,1
pitr,1
PRIT,1
tmee,1
meet,1
tmee,1
MEET,1
etme,1
srihdat,0
tdshira,0
asirtdh,0
idsahtr,0
DRASHTI,0
saloni,0
ioalns,0
SALONI,0
ansloi,0
saloni,0
hinal,0
halni,0
hinal,0
HINAL,0
HINAL,0
jay,1
yaj,1
jay,1
JAY,1
jay,1
darshana,0
DARSHANA,0
DARSHANA,0
DARSHANA,0
anrsahad,0
hardik,1
hardik,1
akdrih,1
hardik,1
HARDIK,1
janvi,0
janvi,0
ijvan,0
janvi,0
jvain,0
RONAK,1
ronak,1
kroan,1
RONAK,1
RONAK,1
mnaan,1
NAMAN,1
mnana,1
naman,1
mnana,1
ayhitk,0
atykih,0
htkaiy,0
ytaihk,0
iykaht,0
sikha,0
haiks,0
shaki,0
SIKHA,0
sikha,0
nialm,0
minal,0
minal,0
alinm,0
imlan,0
milan,1
MILAN,1
milan,1
MILAN,1
minal,1
kaushik,1
iksuahk,1
uiakksh,1
hkakisu,1
kaushik,1
mist,1
smit,1
smti,1
SMIT,1
SMIT,1
iaanvr,0
arianv,0
RAVINA,0
ravina,0
RAVINA,0
PRITI,0
PRITI,0
priti,0
ripti,0
tprii,0
htela,0
HETAL,0
alhte,0
HETAL,0
HETAL,0
oojap,0
ojapo,0
pooja,0
pooja,0
oajop,0
ikhans,1
snihak,1
kishan,1
kishan,1
kashin,1
akshar,1
akshar,1
akshar,1
arshak,1
AKSHAR,1
aksahy,1
akshay,1
AKSHAY,1
AKSHAY,1
hakasy,1
RADHIKA,0
idrahak,0
radhika,0
radhika,0
dkairah,0
RIYA,0
RIYA,0
yrai,0
ryia,0
rayi,0
aklmo,0
komal,0
kmlao,0
KOMAL,0
KOMAL,0
MIHIR,1
iirhm,1
rhiim,1
ihimr,1
MIHIR,1
kunjal,1
kjlnau,1
jkalnu,1
launkj,1
KUNJAL,1
olixm,1
xoilm,1
moxil,1
MOXIL,1
loimx,1
mona,0
MONA,0
mona,0
mona,0
MONA,0
abvyha,1
BHAVYA,1
aayhbv,1
avhyab,1
bhavya,1
bhavika,0
hibakav,0
aibkhav,0
akviahb,0
hbvakia,0
RINA,0
arin,0
airn,0
rina,0
inar,0
ahtevi,0
hetavi,0
hetavi,0
hatvei,0
hetavi,0
manoj,1
MANOJ,1
manoj,1
ajmno,1
ajnom,1
garhav,1
raghav,1
RAGHAV,1
RAGHAV,1
RAGHAV,1
gopal,1
GOPAL,1
agplo,1
apogl,1
glapo,1
JASMIN,1
jasmin,1
JASMIN,1
jasmin,1
JASMIN,1
yaashk,1
khsyaa,1
shayak,1
shykaa,1
akshay,1
twsae,0
sweta,0
SWETA,0
sweta,0
wstae,0
VIDHI,0
vihdi,0
ihvid,0
vidhi,0
hvdii,0
NAYAN,1
aaynn,1
naayn,1
nnyaa,1
NAYAN,1
PRASHANT,1
prashant,1
nrapatsh,1
PRASHANT,1
PRASHANT,1
osnal,0
sonal,0
sanol,0
oasln,0
sonal,0
abhvaik,0
kbavahi,0
BHAVIKA,0
kivhaba,0
vkiaabh,0
ahvbik,1
BHAVIK,1
BHAVIK,1
ibvkah,1
avibkh,1
MANTHAN,1
tanmnha,1
manthan,1
mtaanhn,1
manthan,1
pteer,1
tpere,1
epert,1
preet,1
repet,1
ipatrd,1
DARPIT,1
tipadr,1
darpit,1
tadpir,1
arshh,1
HARSH,1
hsrah,1
harsh,1
rhhas,1
akapysh,1
kashyap,1
KASHYAP,1
kashyap,1
KASHYAP,1
bhautik,1
bhautik,1
tahikub,1
uakihbt,1
bukhtia,1
rvhud,1
DHRUV,1
rdhvu,1
DHRUV,1
urhvd,1
saivh,0
vsahi,0
vsaih,0
ISHVA,0
svahi,0
mshtie,1
itemhs,1
mitesh,1
timseh,1
mitesh,1
hedins,1
shdine,1
iehnsd,1
ndiseh,1
idnehs,1
ABHI,1
abhi,1
baih,1
aibh,1
ABHI,1
jnseih,1
hnjsei,1
JENISH,1
JENISH,1
JENISH,1
JENNY,0
njeyn,0
jenny,0
jenny,0
JENNY,0
dhruvi,0
hvriud,0
DHRUVI,0
dhruvi,0
uvdrih,0
igrma,0
margi,0
mrgai,0
iargm,0
margi,0
lkjaa,0
kaajl,0
laakj,0
kalaj,0
kajal,0
MITAL,0
atilm,0
miatl,0
almit,0
tlami,0
lvnei,1
NEVIL,1
nlvie,1
iveln,1
NEVIL,1
krishna,1
rkansih,1
KRISHNA,1
niskrah,1
kanihrs,1
skrihan,0
krishna,0
nrhsiak,0
krishna,0
snkrahi,0
dhavni,0
navhid,0
dhavni,0
dhavni,0
adihnv,0
HEMANSHI,0
shinaemh,0
shnehaim,0
HEMANSHI,0
HEMANSHI,0
sahani,1
ISHAAN,1
ISHAAN,1
ISHAAN,1
ishaan,1
lysah,0
shyla,0
SHYLA,0
SHYLA,0
alhys,0
AMAR,1
rama,1
raam,1
amar,1
mara,1
ayid,0
diya,0
DIYA,0
DIYA,0
diya,0
ydavi,0
vyiad,0
divya,0
divya,0
divya,0
nayana,0
ananya,0
ANANYA,0
ANANYA,0
ananya,0
jaya,0
jaay,0
JAYA,0
yjaa,0
jaay,0
aans,0
nsaa,0
SANA,0
SANA,0
aans,0
anialj,0
anjali,0
inalja,0
lijana,0
ialnja,0
iidat,0
aiitd,0
idtia,0
ADITI,0
aiitd,0
iknihl,1
lnihki,1
linihk,1
nikhil,1
NIKHIL,1
ashna,1
SHAAN,1
SHAAN,1
ansah,1
asahn,1
sahil,1
SAHIL,1
iashl,1
SAHIL,1
ilhsa,1
darsh,1
darsh,1
darsh,1
DARSH,1
dahrs,1
sainhw,1
ASHWIN,1
ASHWIN,1
ashwin,1
ashwin,1
evnde,1
deven,1
vneed,1
DEVEN,1
DEVEN,1
SHAILA,0
laaihs,0
sialah,0
shaila,0
saaihl,0
salina,0
aaisln,0
salina,0
aasinl,0
alnisa,0
VARUN,1
VARUN,1
vruan,1
aunvr,1
arvnu,1
devi,0
DEVI,0
dvie,0
vdei,0
DEVI,0
dhara,0
aadhr,0
rahad,0
dhara,0
aahrd,0
AKHILESH,1
AKHILESH,1
akhilesh,1
ekhhsail,1
lakiehhs,1
sunil,1
linus,1
ulnis,1
inlsu,1
lusni,1
arjiv,1
jrvai,1
ivarj,1
RAJIV,1
ijrva,1
BHANU,1
nubha,1
ahubn,1
bnauh,1
bnhau,1
ABHISHEK,1
hebasikh,1
kehibahs,1
akhebish,1
kahhebsi,1
mhbauaniy,1
ybmhaianu,1
ABHIMANYU,1
miayahnbu,1
ihymubaan,1
nahiamb,1
ABHIMAN,1
abhiman,1
ianahmb,1
abhiman,1
bharat,1
BHARAT,1
brahat,1
arhabt,1
bharat,1
ial,0
ILA,0
ILA,0
ial,0
ila,0
aiahnsm,0
namasih,0
MANISHA,0
asainhm,0
ahsaimn,0
HARSHVI,0
irhsahv,0
HARSHVI,0
arhvihs,0
HARSHVI,0
harshav,1
HARSHAV,1
HARSHAV,1
harshav,1
vaahrsh,1
uanhs,0
ANSHU,0
unahs,0
anshu,0
husna,0
ihnsat,0
tshina,0
tnaish,0
shanti,0
shnait,0
HANSHIKA,0
hanshika,0
hsaihnak,0
HANSHIKA,0
ahahknis,0
kamala,0
amaalk,0
aaalkm,0
alamak,0
klamaa,0
ANURADHA,0
anuradha,0
auradahn,0
uraandah,0
ANURADHA,0
dev,1
dev,1
dev,1
dve,1
DEV,1
rdeedvan,1
dednevar,1
DEVENDRA,1
drdevean,1
enavddre,1
AVINASH,1
AVINASH,1
ainhvas,1
avinash,1
aashnvi,1
hdaras,0
darsha,0
sdraha,0
shrdaa,0
darsha,0
ajkna,1
janka,1
akjan,1
JANAK,1
janak,1
hnincada,0
acdnahin,0
ndcnahia,0
aicnandh,0
naaicdhn,0
omnha,1
mohan,1
MOHAN,1
nhoma,1
hnmoa,1
imlax,0
mxail,0
lmxia,0
LAXMI,0
malix,0
LEELA,0
eelal,0
leela,0
lleea,0
alele,0
ABHAY,1
abhay,1
abhay,1
yhaab,1
aayhb,1
ALOK,1
ALOK,1
olak,1
aolk,1
kloa,1
lihisna,0
nialhis,0
shalini,0
SHALINI,0
SHALINI,0
iviansh,0
savihin,0
aiinsvh,0
SHIVANI,0
SHIVANI,0
mansi,0
smina,0
MANSI,0
MANSI,0
maisn,0
mazida,0
dzamia,0
azmadi,0
zdamia,0
mazida,0
meena,0
eenam,0
aemne,0
MEENA,0
mneae,0
inha,0
inah,0
hina,0
hina,0
ahni,0
tnaia,0
inata,0
tiana,0
itana,0
inaat,0
arlabaj,1
abljara,1
raajlba,1
laaajrb,1
BALARAJ,1
sharad,1
sharad,1
SHARAD,1
daahsr,1
drahas,1
amit,1
AMIT,1
amit,1
amit,1
AMIT,1
sanjay,1
SANJAY,1
sanjay,1
sanjay,1
sanjay,1
VIKRAM,1
kmiavr,1
vikram,1
ikamvr,1
avmikr,1
kaarmmru ,1
mrr kuaam,1
ram kumar,1
urraamkm ,1
RAM KUMAR,1
ROHIT,1
rohit,1
rohit,1
otrih,1
rohit,1
tssaohn,1
SANTOSH,1
santosh,1
sohsnta,1
thsoans,1
ISHA,0
isha,0
isha,0
ISHA,0
isah,0
SONAM,0
soman,0
anoms,0
naosm,0
nasmo,0
hi sshka,0
shakshi ,0
shakshi ,0
shakshi ,0
SHAKSHI ,0
aasrg,1
sagar,1
arags,1
sagar,1
sagar,1
neetu,0
neetu,0
euetn,0
enuet,0
NEETU,0
PRATHAMESH,1
prathamesh,1
PRATHAMESH,1
prathamesh,1
PRATHAMESH,1
jnsanaa,0
sanjana,0
snaanaj,0
sanjana,0
SANJANA,0
nehsa,0
SNEHA,0
SNEHA,0
sneha,0
sneha,0
nlseah,0
leanhs,0
enahsl,0
SNEHAL,0
SNEHAL,0
sanyukta,0
sanyukta,0
tnsyuaak,0
tusaknay,0
SANYUKTA,0
mohit,1
MOHIT,1
mohit,1
ohimt,1
mitoh,1
rnhao,1
ROHAN,1
ahonr,1
oarhn,1
ROHAN,1
rehan,1
REHAN,1
REHAN,1
REHAN,1
earnh,1
akihvisa,0
aisiakhv,0
ikvaashi,0
iavhsaik,0
vaishaki,0
akinka,0
aakkni,0
kanika,0
knikaa,0
kaaink,0
erekaan,0
KAREENA,0
KAREENA,0
kareena,0
enekraa,0
niatkar,0
ntikaar,0
KATRINA,0
katrina,0
katrina,0
asmaln,1
aslanm,1
namsla,1
salman,1
aslman,1
ABHIJIT,1
hjbiati,1
ABHIJIT,1
bajihti,1
iajbthi,1
aday,0
yaad,0
DAYA,0
DAYA,0
daya,0
aelajtlh,1
ahaletlj,1
jhletlaa,1
aealljht,1
hlljteaa,1
BABITA,0
babita,0
abtbia,0
babita,0
babita,0
iyre,1
eriy,1
iyre,1
iyer,1
iyer,1
yjavi,1
ivyja,1
VIJAY,1
VIJAY,1
yiavj,1
roshan,1
oarnhs,1
roshan,1
ahsron,1
shraon,1
reena,0
reane,0
eaenr,0
reena,0
eraen,0
eanh,0
hnae,0
ahen,0
ehna,0
ahne,0
nrajlapi,0
PRANJALI,0
najilpra,0
rjailanp,0
ilpnraja,0
rushabh,1
RUSHABH,1
rushabh,1
rushabh,1
rushabh,1
hturki,1
hrutik,1
HRUTIK,1
tirkuh,1
HRUTIK,1
KHUSHBOO,0
obkuhhso,0
khushboo,0
huoksbho,0
buhokohs,0
ihhkus,0
khushi,0
KHUSHI,0
hihusk,0
shkuih,0
tyoji,0
jioyt,0
jtoiy,0
JYOTI,0
jyoti,0
hrkae,0
akher,0
khare,0
REKHA,0
REKHA,0
tina,0
atni,0
iatn,0
tina,0
tian,0
asrhva,0
svahar,0
saarvh,0
sraahv,0
VARSHA,0
pravin,1
pravin,1
rvpani,1
vianpr,1
pravin,1
cenrip,1
PRINCE,1
iecprn,1
prince,1
PRINCE,1
eprm,1
remp,1
rpem,1
erpm,1
prem,1
ANAND,1
adnan,1
dnana,1
anand,1
annda,1
aaivtk,0
tkaavi,0
iakatv,0
ktaiva,0
taaikv,0
artu,0
ruta,0
utar,0
taur,0
RUTA,0
iurt,0
uitr,0
RITU,0
utir,0
RITU,0
SWAMINI,0
anwmsii,0
wsinmai,0
nmsiiaw,0
iianwsm,0
KADAMBARI,0
KADAMBARI,0
kadambari,0
bdakraima,0
kaibmrdaa,0
PRIYANKA,0
kapariny,0
ainrkyap,0
pnikaary,0
PRIYANKA,0
champa,0
mhapac,0
champa,0
CHAMPA,0
hmaapc,0
ASHU,0
uahs,0
ashu,0
hasu,0
ASHU,0
monika,0
mankio,0
inomka,0
mnioka,0
MONIKA,0
ketki,0
KETKI,0
kekti,0
iktek,0
ketki,0
irnha,1
nihar,1
nihar,1
anihr,1
nihar,1
mnnuaah,1
HANUMAN,1
amuhnna,1
HANUMAN,1
HANUMAN,1
ANIRUDH,1
ANIRUDH,1
rhniuda,1
anirudh,1
ANIRUDH,1
hlais,1
SAHIL,1
ilhsa,1
alish,1
SAHIL,1
eert,1
reet,1
etre,1
eret,1
reet,1
riya,0
RIYA,0
riay,0
riya,0
riya,0
diensh,1
dinesh,1
dehnis,1
nsdhie,1
edinsh,1
smuehk,1
MUKESH,1
uhemks,1
eukshm,1
eksuhm,1
esahlin,1
nlhaeis,1
NILESHA,1
sehnlai,1
elnhias,1
iagblusng,1
iggnblasu,1
anigglusb,1
gnibalsug,1
sigbluagn,1
leena,0
alnee,0
LEENA,0
leena,0
eenal,0
tjvaer,1
revjta,1
VERTAJ,1
vertaj,1
trajev,1
siddhesh,1
SIDDHESH,1
esddshih,1
shidehds,1
ihsedhds,1
rddhii,0
ddiihr,0
riddhi,0
diihdr,0
hidird,0
SIDDHI,0
siddhi,0
dhisdi,0
hdisdi,0
idhdis,0
RUCHITA,0
RUCHITA,0
RUCHITA,0
RUCHITA,0
ruchita,0
satyam,1
SATYAM,1
satyam,1
satyam,1
aysamt,1
pragnesh,1
PRAGNESH,1
pragnesh,1
geanpsrh,1
arphsgen,1
insjegh,1
JIGNESH,1
sienjhg,1
jsnghei,1
jieghns,1
almgu,1
uagml,1
almgu,1
lmuag,1
GULAM,1
vhsi,1
shiv,1
vshi,1
SHIV,1
hivs,1
DEEP,1
DEEP,1
DEEP,1
eedp,1
DEEP,1
vhisma,1
shivam,1
SHIVAM,1
SHIVAM,1
hmvias,1
parth,1
PARTH,1
tarhp,1
PARTH,1
atrph,1
aarmhd,1
dharam,1
dharam,1
ramhda,1
haadrm,1
urbahs,1
SAURBH,1
SAURBH,1
uashbr,1
SAURBH,1
pankaj,1
PANKAJ,1
aajpkn,1
jknpaa,1
jkpnaa,1
ritesh,1
shreti,1
ritesh,1
ritesh,1
ritesh,1
mitus,1
SUMIT,1
sumit,1
SUMIT,1
SUMIT,1
evvik,1
keivv,1
eivvk,1
evikv,1
vvkie,1
tejas,1
sjate,1
tsaje,1
tejas,1
tjsea,1
ahtrsak,1
SARTHAK,1
SARTHAK,1
sarthak,1
sarthak,1
PREETI,0
preeti,0
PREETI,0
iteper,0
PREETI,0
himmat,1
HIMMAT,1
himmat,1
HIMMAT,1
HIMMAT,1
HINAL,0
inlah,0
HINAL,0
hinal,0
lhian,0
vhaaatr,1
atharva,1
atharva,1
atharva,1
ATHARVA,1
SARVESH,1
sareshv,1
vaesshr,1
sarvesh,1
sehrvas,1
iapktr,1
kparit,1
krptai,1
tirapk,1
rpakti,1
tanmay,1
nymaat,1
aantmy,1
tanmay,1
ayntma,1
ivasjn,1
inavjs,1
isjnva,1
iajnsv,1
SANJIV,1
apoomn,0
poonam,0
POONAM,0
POONAM,0
noampo,0
soumya,0
muaoys,0
umyaos,0
osumya,0
soumya,0
heuhkssir,1
skrsiuhhe,1
rushikesh,1
sekuhsrih,1
uisrsehhk,1
nishit,1
inisth,1
ntiihs,1
hnisit,1
nishit,1
priya,0
ayrpi,0
PRIYA,0
PRIYA,0
priya,0
hsankhsa,1
kashshna,1
nhahasks,1
shashank,1
anshashk,1
btooa,0
booat,0
tooba,0
ootba,0
oabto,0
ubyr,0
byur,0
ubyr,0
ruby,0
ruby,0
rupiv,0
uirpv,0
purvi,0
PURVI,0
virpu,0
SHEETAL,0
sheetal,0
taheels,0
sheetal,0
atleseh,0
hdhdahsesr,1
SHRADDHESH,1
dhdahhsrse,1
dsesardhhh,1
SHRADDHESH,1
KALYANI,0
KALYANI,0
kalyani,0
nkyilaa,0
KALYANI,0
HEET,1
HEET,1
heet,1
heet,1
HEET,1
eher,0
rhee,0
HEER,0
rhee,0
ehre,0
sarhuin,0
ausnhir,0
hirsnua,0
isnuhar,0
uinrhsa,0
ERAM,0
mera,0
eram,0
amre,0
eram,0
netask,1
sanket,1
SANKET,1
SANKET,1
akenst,1
dusirh,1
hrusdi,1
udsrhi,1
idrhus,1
sudhir,1
AAKANSHA,0
aakansha,0
hkaanasa,0
aakansha,0
aakansha,0
hasj,1
JASH,1
hsja,1
jash,1
JASH,1
sayandip,1
isaadynp,1
sayandip,1
apsinyad,1
SAYANDIP,1
aifhak,0
FAIKHA,0
faikha,0
FAIKHA,0
faikha,0
hejsti,1
JITESH,1
tejhsi,1
iehstj,1
ehitjs,1
haluns,1
nulash,1
anshul,1
aslnuh,1
ANSHUL,1
usmdhe,1
uemhsd,1
SUMEDH,1
eudmhs,1
SUMEDH,1
satyarth,1
SATYARTH,1
taaythrs,1
SATYARTH,1
satyarth,1
deepa,0
deepa,0
eadep,0
apdee,0
DEEPA,0
HARSHA,0
HARSHA,0
harsha,0
rhaahs,0
rshaha,0
hhras,1
hrash,1
HARSH,1
rhash,1
harsh,1
KRISHMA,0
hramksi,0
KRISHMA,0
KRISHMA,0
KRISHMA,0
svtiaa,0
savita,0
savita,0
sivaat,0
savita,0
ajarn,1
aranj,1
RAJAN,1
naajr,1
rajan,1
nuopro,0
pnrouo,0
noopur,0
noopur,0
pouron,0
shayu,1
AYUSH,1
AYUSH,1
yhsau,1
usahy,1
iritk,0
itikr,0
KRITI,0
rikit,0
KRITI,0
nikita,0
nikita,0
taikin,0
iakint,0
natiki,0
skmuh,0
MUSHK,0
MUSHK,0
khmsu,0
mushk,0
hirak,0
riakh,0
kriha,0
haikr,0
rakhi,0
amtma,0
tmmaa,0
atamm,0
MAMTA,0
MAMTA,0
rsdaah,1
ADARSH,1
ADARSH,1
asrahd,1
rdhaas,1
ISHAN,1
ishan,1
ishan,1
sanhi,1
nsiah,1
janki,0
iajkn,0
kajin,0
jnkai,0
JANKI,0
inseth,1
nitesh,1
NITESH,1
nisthe,1
itehsn,1
isonih,0
sohini,0
sohini,0
iihnos,0
sohini,0
urikn,0
rinku,0
unrik,0
ikrnu,0
rinku,0
lody,0
DOLY,0
doly,0
DOLY,0
doly,0
PAVAN,1
PAVAN,1
pavan,1
aanvp,1
pavan,1
UTSAV,1
UTSAV,1
utsav,1
vastu,1
utsav,1
madhura,0
aadrhum,0
MADHURA,0
umdarha,0
MADHURA,0
swati,0
SWATI,0
tiwas,0
isatw,0
SWATI,0
iernv,1
viren,1
VIREN,1
viren,1
ivnre,1
aiatm,1
mtiaa,1
aatmi,1
mtaia,1
amita,1
reena,0
reena,0
reena,0
eraen,0
earen,0
nimesh,1
eismhn,1
enhsmi,1
nimesh,1
imhnse,1
PALLAVI,0
llapavi,0
laailvp,0
pallavi,0
PALLAVI,0
mayuresh,1
eruhsmya,1
amsryheu,1
MAYURESH,1
sherymau,1
DIMPAL,0
pdlami,0
dimpal,0
DIMPAL,0
mlidap,0
alisha,0
lahasi,0
aihsal,0
ALISHA,0
ALISHA,0
zaid,1
dzai,1
ZAID,1
zaid,1
zaid,1
misbah,0
misbah,0
bihasm,0
bishma,0
MISBAH,0
JINAL,0
jinal,0
JINAL,0
jinal,0
ilnaj,0
NILAM,0
amiln,0
NILAM,0
malin,0
ilnma,0
RUCHI,0
RUCHI,0
RUCHI,0
RUCHI,0
huirc,0
raj,1
RAJ,1
raj,1
raj,1
arj,1
USHA,0
suah,0
USHA,0
USHA,0
USHA,0
OMKAR,1
omkar,1
aokmr,1
ramok,1
ormka,1
tliala,0
lalita,0
laiatl,0
LALITA,0
ltalia,0
smeea,0
SEEMA,0
seema,0
aesem,0
seema,0
meshah,1
hehsam,1
sehahm,1
hehams,1
eashmh,1
ROSHINI,0
ROSHINI,0
ROSHINI,0
hisnrio,0
roshini,0
agtee,0
egeat,0
geeta,0
etaeg,0
teage,0
narendra,1
narendra,1
adeanrnr,1
NARENDRA,1
nedarrna,1
SHENAZ,1
shenaz,1
shenaz,1
aehzns,1
senhaz,1
KAUSTUBH,1
hubakust,1
KAUSTUBH,1
KAUSTUBH,1
kaustubh,1
anuja,0
nuaja,0
ajaun,0
ANUJA,0
unjaa,0
KIRAN,0
KIRAN,0
rniak,0
KIRAN,0
KIRAN,0
ajnir,0
njira,0
rajni,0
niraj,0
RAJNI,0
vanar,1
ARNAV,1
ARNAV,1
avran,1
arnav,1
PALAK,0
palak,0
lpaka,0
PALAK,0
PALAK,0
kamla,0
KAMLA,0
KAMLA,0
kamla,0
kamla,0
noor,0
noor,0
noor,0
NOOR,0
oorn,0
ojras,0
osraj,0
saroj,0
SAROJ,0
SAROJ,0
kiiadp,0
DIPIKA,0
piikda,0
aiipkd,0
aikpid,0
shivam,1
vhsaim,1
himvsa,1
shivam,1
shivam,1
ramnik,1
kmanri,1
ainmrk,1
irnamk,1
RAMNIK,1
DEEPAK,1
deepak,1
deepak,1
padeek,1
deepak,1
MANOJ,1
majon,1
MANOJ,1
moanj,1
anojm,1
anshuman,1
anshuman,1
ANSHUMAN,1
anaunmsh,1
anshuman,1
shailesh,1
SHAILESH,1
ahessilh,1
lsaeshih,1
seiahhls,1
NAMIRA,0
namari,0
naamir,0
NAMIRA,0
aianmr,0
rajesh,1
rajesh,1
ejasrh,1
hrsjea,1
hejras,1
huij,0
huji,0
juhi,0
jihu,0
iuhj,0
virti,0
ivirt,0
rivti,0
VIRTI,0
rtiiv,0
iaavr,0
varai,0
aravi,0
riaav,0
airav,0
ravi,1
ivar,1
RAVI,1
ravi,1
RAVI,1
imnsah,1
miansh,1
MANISH,1
manish,1
MANISH,1
stinua,0
siutna,0
SUNITA,0
sunita,0
SUNITA,0
iyshva,0
yashvi,0
YASHVI,0
yashvi,0
yashvi,0
ivd,1
vid,1
div,1
idv,1
div,1
atral,1
TARAL,1
TARAL,1
taral,1
TARAL,1
rarzsfa,1
razfsar,1
SARFARZ,1
zrsaarf,1
SARFARZ,1
lai,1
ALI,1
ali,1
ali,1
lia,1
RAHUL,1
rahul,1
uhlar,1
rahul,1
rahul,1
yogita,0
yogita,0
gityao,0
tgoiay,0
YOGITA,0
naaerrdj,1
anrredaj,1
rajendra,1
rjnaread,1
janrrdea,1
ivdek,0
videk,0
evkid,0
keidv,0
vkide,0
durga,0
durga,0
garud,0
gadur,0
durga,0
aosyn,0
sonya,0
sanoy,0
ysaon,0
onyas,0
rubina,0
ibunar,0
nuarbi,0
RUBINA,0
aiurbn,0
SANGEETA,0
sangeeta,0
seagneat,0
SANGEETA,0
atnesgae,0
ashin,0
iashn,0
ainhs,0
hsain,0
nisha,0
atsninh,1
ihnants,1
nnhiast,1
NISHANT,1
nishant,1
aist,1
SITA,1
itsa,1
ista,1
atis,1
rheadman,1
harneadm,1
mahendra,1
mahendra,1
MAHENDRA,1
sachin,1
hcansi,1
sachin,1
incsah,1
nacihs,1
inaradrv,1
riaardnv,1
RAVINDRA,1
RAVINDRA,1
ndriraav,1
mabita,1
AMBATI,1
AMBATI,1
AMBATI,1
ambati,1
MOHIN,1
MOHIN,1
ohnmi,1
mohin,1
hmoni,1
tvira,1
airtv,1
virat,1
virat,1
aivrt,1
jurratu,1
ruturaj,1
ujrruta,1
uajrutr,1
RUTURAJ,1
bhawati,0
bhawati,0
twabhai,0
tawhabi,0
thbiwaa,0
adsapr,1
prasad,1
prasad,1
PRASAD,1
ardspa,1
seikhnp,1
hensikp,1
spknehi,1
pneshki,1
hepnski,1
nitin,1
iinnt,1
itnin,1
iinnt,1
ntini,1
HEET,1
tehe,1
htee,1
HEET,1
heet,1
ZEEL,1
zeel,1
zeel,1
ezel,1
ezle,1
srehka,1
rakesh,1
arkhes,1
ekrhas,1
rakesh,1
skatha,1
ksthaa,1
akshat,1
akshat,1
hkasat,1
akshita,0
AKSHITA,0
AKSHITA,0
AKSHITA,0
skaaiht,0
shatak,0
akshta,0
akshta,0
stakah,0
akshta,0
RONAK,1
ronak,1
RONAK,1
noakr,1
RONAK,1
heiksrn,1
RINKESH,1
rinkesh,1
RINKESH,1
rinkesh,1
VANSH,1
snahv,1
hnvas,1
nshav,1
VANSH,1
nvhdaes,1
dvehsan,1
sehanvd,1
devansh,1
DEVANSH,1
svhdanie,0
devanshi,0
aevhisdn,0
hadenvsi,0
ahdivens,0
pritesh,1
PRITESH,1
PRITESH,1
PRITESH,1
PRITESH,1
RAMESH,1
maehsr,1
ramesh,1
mahers,1
sraemh,1
anubhav,1
bauhanv,1
ANUBHAV,1
anubhav,1
bhvuana,1
shlok,1
lhsko,1
SHLOK,1
shlko,1
klsho,1
shloka,0
SHLOKA,0
SHLOKA,0
SHLOKA,0
hlosak,0
imraaa,0
ramaai,0
ramiaa,0
araami,0
amaira,0
vany,0
vnay,0
NVYA,0
vnay,0
avny,0
VINOD,1
dniov,1
VINOD,1
vdnio,1
VINOD,1
ugdu,0
udug,0
gudu,0
uugd,0
dugu,0
anjatr,1
TARJAN,1
najart,1
jtarna,1
TARJAN,1
lsedi,0
DELSI,0
dlies,0
ileds,0
leids,0
daisy,0
daisy,0
dsaiy,0
ydsia,0
daisy,0
rgeca,0
GRACE,0
grace,0
cearg,0
GRACE,0
armhic,0
rmicha,0
charmi,0
charmi,0
CHARMI,0
vipul,1
vupli,1
lpviu,1
iplvu,1
ipuvl,1
veer,1
veer,1
veer,1
ever,1
veer,1
VIPIN,1
vipin,1
VIPIN,1
VIPIN,1
VIPIN,1
nynaa,1
naayn,1
ynaan,1
NAYAN,1
nayan,1
anitj,1
JATIN,1
jatin,1
iatjn,1
jatin,1
hbsdaa,1
baahds,1
dsbaah,1
ahbsda,1
bhdaas,1
kabir,1
bikar,1
kabir,1
aribk,1
KABIR,1
hfnara,1
rnfaha,1
farhan,1
aahrnf,1
rnhfaa,1
SABIR,1
airbs,1
SABIR,1
SABIR,1
SABIR,1
srhii,1
rishi,1
rishi,1
rishi,1
rishi,1
virendra,1
nerarvdi,1
vrraiend,1
VIRENDRA,1
devirrna,1
disha,0
ihads,0
shdai,0
idsha,0
haisd,0
ifaasli,0
liasfai,0
SAIFALI,0
SAIFALI,0
saifali,0
DARSHIL,1
DARSHIL,1
DARSHIL,1
DARSHIL,1
isldahr,1
vautra,0
aatvru,0
RUTAVA,0
aravtu,0
tavuar,0
TRIPTI,0
rtitip,0
tripti,0
rttpii,0
tiitpr,0
TRUPTI,0
tprtui,0
utptri,0
TRUPTI,0
tutpir,0
lauprt,1
TRUPAL,1
trupal,1
aprltu,1
trupal,1
esleha,0
SHEELA,0
ehesla,0
sheela,0
sheela,0
sakshi,0
siksah,0
sakshi,0
sakshi,0
ishksa,0
pitkla,1
KALPIT,1
iakltp,1
KALPIT,1
tpakli,1
anihms,0
miahsn,0
nihmas,0
ashmin,0
ashmin,0
GULSHAN,1
GULSHAN,1
GULSHAN,1
uglasnh,1
lhugsna,1
parveen,1
parveen,1
aprvene,1
parveen,1
eenvpar,1
arnomk,1
monark,1
monark,1
rnoakm,1
monark,1
jiarnedt,1
tridnjea,1
jrdnaite,1
JITENDRA,1
jitendra,1
ffiaa,0
afifa,0
afiaf,0
afifa,0
AFIFA,0
siaktah,0
AKHSITA,0
khsaait,0
tkaiahs,0
siaktah,0
ruaj,0
urja,0
urja,0
jrau,0
urja,0
BHUMI,0
bhumi,0
bhium,0
bmhui,0
humib,0
simmy,0
mymsi,0
ymmsi,0
smymi,0
smmyi,0
CHAHAT,0
hcthaa,0
hchtaa,0
chahat,0
chahat,0
DHANVARSHA,0
dhanvarsha,0
DHANVARSHA,0
hsrvhnadaa,0
ahaashvdnr,0
SANDHYA,0
SANDHYA,0
aanhsyd,0
anhaysd,0
sandhya,0
DHRUVESH,1
shdrevhu,1
DHRUVESH,1
DHRUVESH,1
suhdehvr,1
gedepur,1
GURDEEP,1
gurdeep,1
rdgepeu,1
GURDEEP,1
njrau,0
arnju,0
ranju,0
rjanu,0
RANJU,0
taek,0
tkea,0
ekta,0
keta,0
eatk,0
payal,0
yapal,0
payal,0
PAYAL,0
payal,0
FORAM,0
FORAM,0
foram,0
romaf,0
FORAM,0
sonya,0
sonya,0
sonya,0
anosy,0
SONYA,0
mvail,0
mliav,0
ivmal,0
VIMLA,0
vimla,0
suanm,0
SUMAN,0
suman,0
suman,0
usamn,0
alpid,0
DIPAL,0
piadl,0
DIPAL,0
iladp,0
SITARAM,1
SITARAM,1
siaamtr,1
aatismr,1
satmria,1
inkip,0
PINKI,0
PINKI,0
pinki,0
piink,0
het,1
het,1
het,1
het,1
HET,1
puikn,1
PINKU,1
kipnu,1
pinku,1
piknu,1
honey,0
HONEY,0
HONEY,0
oenhy,0
yoenh,0
aisjb,1
aijsb,1
JASBI,1
jasbi,1
JASBI,1
ihmvda,0
mavhid,0
hiadvm,0
vidamh,0
madhvi,0
ursakan,0
RUKSANA,0
RUKSANA,0
RUKSANA,0
RUKSANA,0
om,1
OM,1
mo,1
OM,1
mo,1
itixd,1
dixit,1
dtxii,1
itdxi,1
itdix,1
dixita,0
DIXITA,0
DIXITA,0
xiitad,0
dixita,0
nroib,1
ROBIN,1
ROBIN,1
ibonr,1
borin,1
dekvi,0
kevdi,0
devki,0
DEVKI,0
DEVKI,0
iyansihrp,0
PRIYANSHI,0
rsnipihya,0
hrispyian,0
inraspyih,0
ADITYA,1
iaaytd,1
aditya,1
yatiad,1
aditya,1
rashmi,0
rashmi,0
hmiars,0
miasrh,0
RASHMI,0
annam,1
MANAN,1
MANAN,1
MANAN,1
mnnaa,1
SHAHID,1
shahid,1
iashhd,1
disahh,1
SHAHID,1
vandna,0
VANDNA,0
vdnnaa,0
aanvnd,0
vandna,0
ardafi,0
ifaadr,0
drfaai,0
FARIDA,0
FARIDA,0
suhasini,0
huassiin,0
SUHASINI,0
hsinuais,0
suhasini,0
asha,0
hsaa,0
aahs,0
ahas,0
asha,0
smarahli,0
sharmila,0
SHARMILA,0
SHARMILA,0
iaaslhmr,0
hnia,0
inha,0
nhai,0
anhi,0
anhi,0
GUTAM,1
gutam,1
matug,1
gutam,1
GUTAM,1
imajna,1
JAINAM,1
inajma,1
JAINAM,1
jainam,1
MOX,1
omx,1
mox,1
mox,1
mox,1
ugdsehr,1
DURGESH,1
durgesh,1
sheugrd,1
DURGESH,1
eibrshj,1
hbjeirs,1
brijesh,1
brijesh,1
BRIJESH,1
SPRASH,1
sprash,1
spasrh,1
SPRASH,1
sprash,1
punit,1
punit,1
punit,1
punit,1
ptuin,1
rgtium,1
GURMIT,1
tiurgm,1
GURMIT,1
gurmit,1
eprguret,1
gurpreet,1
gurpreet,1
GURPREET,1
ueprgret,1
SIDDHU,1
SIDDHU,1
idsdhu,1
iddsuh,1
SIDDHU,1
DHARAM,1
radham,1
DHARAM,1
DHARAM,1
amdhar,1
kejrival,1
KEJRIVAL,1
lrejaikv,1
riekjavl,1
KEJRIVAL,1
irtmap,1
pritam,1
pritam,1
mprait,1
irmpat,1
dvneerid,1
vriendde,1
vredined,1
vdirende,1
DEVINDER,1
raman,1
RAMAN,1
rmnaa,1
marna,1
raman,1
gajendra,1
naargdej,1
ndaregaj,1
adgjnare,1
gajendra,1
ATULLAH,1
taahlul,1
atullah,1
atullah,1
atullah,1
hemlata,0
HEMLATA,0
leaatmh,0
mlhtaae,0
hlameat,0
rihana,0
rihana,0
rihana,0
RIHANA,0
RIHANA,0
DEEPA,0
DEEPA,0
deepa,0
depea,0
DEEPA,0
dipali,0
DIPALI,0
DIPALI,0
DIPALI,0
lipida,0
SABNAM,0
sabnam,0
sabnam,0
SABNAM,0
SABNAM,0
anjum,0
ANJUM,0
ajnmu,0
jnmau,0
jamun,0
utkarsh,1
akthrus,1
kashurt,1
kruhtas,1
utkarsh,1
mansi,0
mansi,0
MANSI,0
snmai,0
asnmi,0
inaba,0
aaibn,0
baani,0
BAANI,0
baani,0
VAANI,0
vaain,0
VAANI,0
ainva,0
vaani,0
bsnia,0
nbsia,0
bansi,0
bansi,0
bansi,0
chintan,1
CHINTAN,1
CHINTAN,1
ncnatih,1
nchatin,1
trusha,0
urtahs,0
TRUSHA,0
TRUSHA,0
stauhr,0
hpant,1
nhpta,1
pnhta,1
PANTH,1
panth,1
havsni,1
AVNISH,1
AVNISH,1
avnish,1
AVNISH,1
jensi,0
isejn,0
sjeni,0
jensi,0
jensi,0
esrni,0
rsine,0
rensi,0
RENSI,0
rensi,0
ahstkir,1
tsihkar,1
rakshit,1
RAKSHIT,1
rakshit,1
NENSI,0
NENSI,0
nnsei,0
niesn,0
snein,0
sinam,0
MANSI,0
mansi,0
MANSI,0
mansi,0
shubham,1
smhubah,1
shubham,1
shubham,1
SHUBHAM,1
enlhi,1
hilne,1
ienhl,1
ilneh,1
enlhi,1
tirki,0
kirti,0
kirti,0
KIRTI,0
rtiik,0
satval,1
slvaat,1
alavst,1
VATSAL,1
vtslaa,1
shrut,0
uhtsr,0
sthru,0
SHRUT,0
SHRUT,0
dhruvin,1
nruivdh,1
dhruvin,1
DHRUVIN,1
virunhd,1
namrata,0
mnaraat,0
tranmaa,0
nmataar,0
rmnaaat,0
DARSHIKA,0
DARSHIKA,0
kirsdhaa,0
ihdkaars,0
khadarsi,0
lnakru,1
klnaru,1
KRUNAL,1
krunal,1
krunal,1
SHREYA,0
yhaser,0
SHREYA,0
haesry,0
yshare,0
DARSHIL,1
DARSHIL,1
iahsrdl,1
ahdrsli,1
asdilrh,1
ahasr,1
AARSH,1
hsraa,1
aarsh,1
haars,1
ABHIK,1
iabhk,1
khaib,1
abhik,1
ahibk,1
mior,0
mroi,0
romi,0
romi,0
ROMI,0
PRUTHA,0
rtphau,0
prutha,0
rhuatp,0
prutha,0
LIPSA,0
plias,0
LIPSA,0
lpsai,0
lipsa,0
DISHANK,0
dishank,0
askhnid,0
adinhsk,0
sdnaikh,0
vihana,0
vihana,0
naaivh,0
VIHANA,0
hnivaa,0
emiln,1
NEMIL,1
linme,1
NEMIL,1
lenmi,1
uplrkai,0
liakrup,0
airpulk,0
aiulrkp,0
krupali,0
nepid,1
endpi,1
dipen,1
dipen,1
depin,1
ekashpr,0
hkepsra,0
PREKSHA,0
preksha,0
preksha,0
NAISHAR,1
rianhas,1
aihansr,1
hisraan,1
naishar,1
hsrye,1
ehrys,1
reysh,1
shrey,1
SHREY,1
jal,0
lja,0
lja,0
jal,0
lja,0
samir,1
arims,1
samir,1
SAMIR,1
SAMIR,1
keval,1
avkel,1
vklae,1
keval,1
keval,1
RAVI,1
raiv,1
vira,1
ravi,1
ravi,1
stkraiha,0
ihskrtaa,0
iahstakr,0
ikathrsa,0
iathskar,0
SHOBHA,0
shobha,0
hbahos,0
shobha,0
shobha,0
ashtew,0
shweta,0
tahswe,0
SHWETA,0
athsew,0
RIYA,0
ayir,0
airy,0
iyra,0
riya,0
nia,0
NIA,0
ani,0
ain,0
nia,0
siihn,0
ihnsi,0
shini,0
hsini,0
shini,0
darah,0
hadar,0
aahrd,0
rdhaa,0
DHARA,0
nvradu,0
uavdnr,0
urdnav,0
vrunda,0
vrunda,0
YESHA,0
YESHA,0
hsyea,0
ashey,0
aehys,0
TRISH,0
TRISH,0
sthri,0
TRISH,0
trish,0
SATISH,1
itsash,1
SATISH,1
SATISH,1
satish,1
aslej,0
sejal,0
SEJAL,0
SEJAL,0
SEJAL,0
GARGI,0
gargi,0
gargi,0
ggrai,0
iragg,0
lefin,1
fenil,1
fenil,1
einlf,1
FENIL,1
altim,0
iatml,0
mital,0
mital,0
mital,0
lapja,0
pjala,0
ljapa,0
apjla,0
jalpa,0
HIREN,1
ehrin,1
HIREN,1
ehnir,1
hiren,1
nirali,0
rialin,0
NIRALI,0
arilni,0
ailrin,0
avarpu,1
pavuar,1
apruva,1
APRUVA,1
APRUVA,1
sonu,1
unso,1
sonu,1
nous,1
ousn,1
rpuib,0
ipbur,0
PURBI,0
PURBI,0
purbi,0
lmhias,1
slamhi,1
shamil,1
lahims,1
lamsih,1
hsaami,0
aasihm,0
ahsami,0
amisha,0
amisha,0
URVISHA,0
ruashiv,0
urvisha,0
URVISHA,0
URVISHA,0
urhusv,1
rvushu,1
urvush,1
rsvuuh,1
uhsvru,1
sweta,0
sweta,0
sweta,0
atews,0
ewast,0
natasha,0
NATASHA,0
NATASHA,0
shanata,0
thaaasn,0
thuee,1
teheu,1
heetu,1
etehu,1
heetu,1
TANVI,0
tanvi,0
anitv,0
vniat,0
vntia,0
aanni,0
inaan,0
iaann,0
nniaa,0
annai,0
dvaahl,1
dhaval,1
DHAVAL,1
dhaval,1
avadlh,1
vishruti,0
ritsuivh,0
ivsrihtu,0
vishruti,0
svtriiuh,0
NADIYA,0
nadiya,0
NADIYA,0
naydia,0
nadiya,0
ashta,0
astha,0
thasa,0
ahsta,0
ASTHA,0
ayhca,0
cahya,0
yacah,0
chaya,0
ayach,0
SAKILA,0
laiksa,0
sakila,0
sakila,0
asailk,0
RADHA,0
RADHA,0
radha,0
radha,0
adhar,0
aneh,0
ahne,0
neha,0
NEHA,0
neha,0
imar,0
mira,0
mira,0
mira,0
mira,0
SWTI,0
wsit,0
SWTI,0
SWTI,0
iswt,0
DHVANI,0
vdainh,0
dahniv,0
DHVANI,0
dhvani,0
minal,0
minal,0
MINAL,0
MINAL,0
nmila,0
viskah,0
KASHVI,0
saihkv,0
kashvi,0
kashvi,0
maya,0
maya,0
MAYA,0
amay,0
MAYA,0
kislakah,0
asihaklk,0
KALIKSHA,0
hksikala,0
kaliksha,0
ISHANI,0
sinahi,0
nasihi,0
hasnii,0
insiha,0
iomnk,1
monik,1
okmni,1
nkimo,1
MONIK,1
nkawilt,0
twinkal,0
twinkal,0
wlatkni,0
twinkal,0
jushra,0
SHRUJA,0
sauhjr,0
sruajh,0
shruja,0
rupa,0
RUPA,0
paru,0
aurp,0
ruap,0
nagtar,1
natgra,1
TARANG,1
TARANG,1
TARANG,1
NIKHIL,1
hiilkn,1
NIKHIL,1
nikhil,1
iiklhn,1
DAXIT,1
itxad,1
DAXIT,1
taxdi,1
DAXIT,1
ryam,1
yram,1
ARMY,1
myra,1
ARMY,1
brsuih,0
iurhsb,0
SURBHI,0
bhsriu,0
SURBHI,0
hetul,1
thule,1
uleht,1
hetul,1
HETUL,1
rehaesn,0
shreena,0
hreensa,0
eseharn,0
SHREENA,0
apval,0
apalv,0
palav,0
palav,0
aalpv,0
shyam,1
SHYAM,1
shyam,1
SHYAM,1
shyam,1
hesvdiy,1
DIVYESH,1
DIVYESH,1
viyehsd,1
divyesh,1
gopi,0
gopi,0
giop,0
gopi,0
gpio,0
daihr,0
HARDI,0
hardi,0
hardi,0
hardi,0
bhakti,0
ibthak,0
bhakti,0
BHAKTI,0
bhakti,0
anm,1
man,1
MAN,1
nam,1
nma,1
terim,0
METRI,0
METRI,0
ermti,0
tierm,0
ALKA,0
alka,0
alka,0
alka,0
alka,0
juneb,0
junbe,0
juneb,0
JUNEB,0
JUNEB,0
mirlo,1
ormli,1
ROMIL,1
lomri,1
ROMIL,1
ankit,1
ankti,1
ntika,1
ANKIT,1
taikn,1
ANANDI,0
ANANDI,0
nnadai,0
ANANDI,0
adnnai,0
ikrtvau,0
vrutika,0
VRUTIKA,0
VRUTIKA,0
vrutika,0
mrihdnu,1
dhrumin,1
dhrumin,1
rndimhu,1
DHRUMIN,1
MUSKAN,0
MUSKAN,0
muskna,0
muskan,0
mkanus,0
RIKESH,1
rsikeh,1
ihrkse,1
rikesh,1
RIKESH,1
YAGNIK,1
yaignk,1
yagnik,1
yagnik,1
yagnik,1
iuyv,0
yuvi,0
YUVI,0
yuvi,0
yuvi,0
YUVARAJ,1
YUVARAJ,1
YUVARAJ,1
yuvaraj,1
yuvaraj,1
manav,1
aamnv,1
MANAV,1
MANAV,1
anmav,1
aishrmg,0
hgaimrs,0
gramhsi,0
simragh,0
simhagr,0
brinda,0
ibrnda,0
narbdi,0
brinda,0
dnbari,0
jaydeep,1
jaydeep,1
JAYDEEP,1
jaydeep,1
ypaedej,1
yug,1
YUG,1
guy,1
ygu,1
guy,1
pari,0
pari,0
pari,0
irap,0
apir,0
eruky,1
yrkeu,1
KEYUR,1
ykreu,1
ykure,1
kahas,1
AKASH,1
akash,1
shkaa,1
saahk,1
vihid,0
iivdh,0
VIDHI,0
vidhi,0
vidhi,0
savhdihi,0
iihdvahs,0
dhsaiivh,0
vidhisha,0
vidhisha,0
imjy,0
JIMY,0
JIMY,0
JIMY,0
JIMY,0
BHADRESH,1
rhahsbde,1
BHADRESH,1
BHADRESH,1
ahdhebrs,1
amsair,1
AMIRAS,1
amiras,1
aaismr,1
amiras,1
ZENIL,1
zenil,1
elniz,1
zenil,1
lnzie,1
nakcnha,0
KANCHAN,0
kanchan,0
KANCHAN,0
kanchan,0
sapana,0
sapana,0
SAPANA,0
naasap,0
SAPANA,0
feni,0
ifen,0
infe,0
iefn,0
feni,0
rajshree,0
rajshree,0
RAJSHREE,0
raeehrsj,0
rajshree,0
uwapsar,0
upawsra,0
rupwaas,0
ausrwap,0
awrapus,0
dipsa,0
DIPSA,0
DIPSA,0
sdpai,0
aidsp,0
sceihrh,1
sicrhhe,1
CHERISH,1
ircsehh,1
CHERISH,1
tria,0
RITA,0
itra,0
tari,0
rita,0
aailshvi,0
VAISHALI,0
VAISHALI,0
savahili,0
VAISHALI,0
HIMANSHI,0
mhihians,0
himanshi,0
himanshi,0
himanshi,0
hriahra,1
HARIHAR,1
iarhrha,1
HARIHAR,1
harihar,1
ruchit,1
hrictu,1
RUCHIT,1
tcihur,1
ticruh,1
NOOR,0
NOOR,0
noor,0
noor,0
NOOR,0
ANMOL,1
mnalo,1
ANMOL,1
mloan,1
nlmoa,1
gaytri,0
gaytri,0
GAYTRI,0
GAYTRI,0
gaytri,0
shrushti,0
shrushti,0
SHRUSHTI,0
SHRUSHTI,0
SHRUSHTI,0
akashr,1
akrash,1
akshar,1
akshar,1
ahasrk,1
anyiashv,0
shivanya,0
shivanya,0
shivanya,0
SHIVANYA,0
UNIQUE,1
uqeinu,1
iuuenq,1
UNIQUE,1
UNIQUE,1
rujal,0
jralu,0
rujal,0
luarj,0
rujal,0
tguials,0
tugails,0
tslgiua,0
GULISTA,0
GULISTA,0
hagavr,1
gharva,1
rvahga,1
vaahgr,1
vrgaha,1
aoglr,0
goral,0
ralog,0
ogrla,0
rlgao,0
yajjar,1
JAYRAJ,1
aajyrj,1
yajjra,1
jraajy,1
htsnapra,1
prashant,1
nhaptras,1
tasrahpn,1
PRASHANT,1
sanskar,1
sanskar,1
sanskar,1
asnasrk,1
arskasn,1
femina,0
nimefa,0
inaefm,0
femina,0
eafmni,0
SHAYRA,0
shayra,0
shayra,0
shayra,0
shayra,0
SANDY,0
nsyda,0
dnyas,0
SANDY,0
SANDY,0
VRUSHAL,1
vrushal,1
vrushal,1
vrhlsau,1
vrushal,1
bhavin,1
bhavin,1
bhavni,1
bhavin,1
bhavin,1
lekamsh,1
aehmskl,1
KAMLESH,1
kamlesh,1
skmlhea,1
KINAL,0
KINAL,0
kinal,0
nkali,0
nalik,0
avira,0
raiav,0
AVIRA,0
AVIRA,0
avira,0
ranak,1
KARAN,1
karan,1
kaanr,1
nkaar,1
JOGSINGH,1
jogsingh,1
jogsingh,1
sngjhgio,1
osghjgin,1
nkuri,0
rkinu,0
rnkui,0
kunir,0
uknri,0
ialmrn,0
imraln,0
NIRMLA,0
nirmla,0
inlamr,0
KULDEEP,1
lpkeude,1
KULDEEP,1
ldeeupk,1
kuldeep,1
SAPAN,1
SAPAN,1
paans,1
aspan,1
sapan,1
hbpuaeed,1
uepabhed,1
pdabhuee,1
apbudhee,1
heeupabd,1
ZARANA,0
rzaaan,0
ZARANA,0
ZARANA,0
zarana,0
reema,0
ameer,0
reema,0
reema,0
REEMA,0
yrmua,1
mayur,1
yruam,1
MAYUR,1
mayur,1
DANIKA,0
DANIKA,0
dkaian,0
aiknda,0
danika,0
samill,0
lslmai,0
amlsil,0
SILLAM,0
imalls,0
varun,1
aunrv,1
VARUN,1
varun,1
vruan,1
ihhsdra,1
hisrdha,1
hrdsaih,1
ihhdrsa,1
HARSHID,1
RISHA,0
hsair,0
iashr,0
RISHA,0
riahs,0
BANASRI,0
nsiarba,0
iaarbns,0
BANASRI,0
BANASRI,0
FIONA,0
fiona,0
fiona,0
oiafn,0
FIONA,0
ailhicarjnt,0
chitranjali,0
chitranjali,0
CHITRANJALI,0
chitranjali,0
kriyesha,0
KRIYESHA,0
saekriyh,0
kriyesha,0
ayerhski,0
dravya,0
dravya,0
DRAVYA,0
DRAVYA,0
yarvda,0
gmaan,0
nagma,0
aanmg,0
NAGMA,0
nagma,0
uepan,0
upnae,0
upena,0
aeupn,0
nupea,0
niarv,1
vnrai,1
vianr,1
anirv,1
ivnra,1
kruti,0
rikut,0
kruti,0
kruti,0
KRUTI,0
adai,0
aadi,0
idaa,0
DIAA,0
diaa,0
vandan,1
VANDAN,1
VANDAN,1
VANDAN,1
annvda,1
karishma,0
KARISHMA,0
karishma,0
KARISHMA,0
KARISHMA,0
sunny,1
unsny,1
nnuys,1
SUNNY,1
sunny,1
aayhisi,0
SIYAAHI,0
SIYAAHI,0
ahaisyi,0
SIYAAHI,0
MANPREET,1
MANPREET,1
manpreet,1
manpreet,1
MANPREET,1
iiahr,0
hiari,0
hiari,0
hiari,0
hiari,0
ljbain,0
BINJAL,0
niblaj,0
ijbaln,0
BINJAL,0
yami,0
myia,0
YAMI,0
amyi,0
YAMI,0
SINDU,1
suind,1
SINDU,1
SINDU,1
SINDU,1
byinn,0
binny,0
BINNY,0
byinn,0
inybn,0
isasr,0
srisa,0
asirs,0
riass,0
issra,0
tkirai,0
ritika,0
iaikrt,0
ritika,0
atkrii,0
NIYATI,0
niytia,0
iintya,0
NIYATI,0
niyati,0
aakbrh,0
barkha,0
BARKHA,0
barkha,0
hakarb,0
cthari,0
chirat,0
chitra,0
tciarh,0
CHITRA,0
megnaah,0
meghana,0
ghmnaea,0
emhnaag,0
meghana,0
itishm,0
mthiis,0
mishti,0
mishti,0
ismhit,0
hlivsura,0
ulvarshi,0
alvsrhiu,0
VRUSHALI,0
rlvhsaiu,0
hisural,0
lauirhs,0
RUSHALI,0
rushali,0
ahslrui,0
iete,0
itee,0
ITEE,0
itee,0
etie,0
tihi,0
ihit,0
tihi,0
ihti,0
hiti,0
BRINZA,0
brinza,0
BRINZA,0
brinza,0
rbniaz,0
hinas,0
hnisa,0
nisha,0
nisha,0
iahsn,0
lunmar,1
rnaulm,1
numlar,1
rmulan,1
mrunal,1
zeeya,0
eyaez,0
yezae,0
yeeaz,0
aeyez,0
MISRI,0
MISRI,0
iimsr,0
imirs,0
misri,0
azeten,0
azeten,0
ZEENAT,0
eetazn,0
ezntae,0
DARPAN,1
DARPAN,1
anardp,1
darpan,1
darpan,1
kroal,0
koral,0
alrok,0
kalor,0
okalr,0
ankush,1
ANKUSH,1
kasnuh,1
ankush,1
ANKUSH,1
ahuschk,0
chakshu,0
CHAKSHU,0
ahskuch,0
CHAKSHU,0
traaiask,0
tasarika,0
sakrtiaa,0
TASARIKA,0
iatskara,0
taanishka,0
taanishka,0
akntasahi,0
ataniaksh,0
kasiatnah,0
udkum,0
KUMUD,0
mukud,0
kumud,0
kumud,0
trisha,0
hriats,0
rhatsi,0
TRISHA,0
rshtia,0
mgair,0
margi,0
margi,0
margi,0
gaimr,0
acrhu,0
charu,0
charu,0
rchua,0
CHARU,0
hrcaan,1
charan,1
nahrac,1
charan,1
CHARAN,1
manas,1
manas,1
MANAS,1
manas,1
manas,1
kesha,0
sheka,0
kesha,0
KESHA,0
KESHA,0
arydai,0
diyara,0
diyara,0
dyraia,0
iaardy,0
KIRTHI,0
rkthii,0
KIRTHI,0
kirthi,0
ktrihi,0
ARMAN,1
rmana,1
ARMAN,1
maanr,1
arman,1
MASUMI,0
MASUMI,0
MASUMI,0
msuima,0
MASUMI,0
PURVAM,1
auvrmp,1
PURVAM,1
purvam,1
purvam,1
NARESH,1
naresh,1
NARESH,1
hanser,1
naresh,1
ayehdr,1
yrdahe,1
radhey,1
RADHEY,1
hdyare,1
srneohy,1
shreyon,1
shreyon,1
shreyon,1
SHREYON,1
ivayn,1
nyavi,1
VINAY,1
yianv,1
vinay,1
vineet,1
eitenv,1
nietev,1
VINEET,1
teinve,1
iraamg,0
GARIMA,0
garima,0
aamgri,0
mrigaa,0
alvim,1
vimal,1
vimal,1
ilvma,1
vimal,1
shivaagna,0
shivaagna,0
saahgvani,0
shivaagna,0
shivaagna,0
sjniiweat,0
snietiwaj,0
TEJASWINI,0
najwieist,0
tisaiewjn,0
lavnya,0
lavnya,0
laaynv,0
vaaynl,0
nylvaa,0
pal,0
pal,0
pla,0
PAL,0
apl,0
intya,0
tyani,0
ityna,0
nyait,0
tyani,0
sanchet,1
caehstn,1
sanchet,1
sanchet,1
sanchet,1
aftab,1
AFTAB,1
aftab,1
ftaba,1
btfaa,1
ZARIN,0
ZARIN,0
zarin,0
anriz,0
zarin,0
BIREN,1
BIREN,1
biren,1
ibren,1
biren,1
vicky,1
VICKY,1
vicky,1
yvikc,1
vicky,1
karishmaashita,0
karishmaashita,0
aaiksarahmshit,0
thsimkhaaasiar,0
karishmaashita,0
miloni,0
miloni,0
omnili,0
iliomn,0
miloni,0
raiun,0
aruni,0
aruni,0
ARUNI,0
uanri,0
PRANALI,0
ariplan,0
PRANALI,0
aianrpl,0
raiapln,0
lnmiao,0
monali,0
miloan,0
manilo,0
MONALI,0
yiog,1
gyoi,1
yogi,1
ygoi,1
yogi,1
ansmo,0
sonam,0
osanm,0
SONAM,0
manso,0
ahratk,1
rtkhaa,1
khrata,1
akhtar,1
ahrkta,1
PRAPTI,0
PRAPTI,0
itappr,0
prapti,0
prapti,0
BHOOMIK,1
bhoomik,1
bhoomik,1
iomhkob,1
mohboik,1
viarn,1
NIRAV,1
niarv,1
ianvr,1
nirav,1
CHIRAG,1
gaihcr,1
ihargc,1
ciarhg,1
irhagc,1
KUNDAN,1
KUNDAN,1
nudakn,1
kundan,1
KUNDAN,1
ADITI,0
ADITI,0
aditi,0
ADITI,0
ADITI,0
ajay,1
yaaj,1
ajay,1
jyaa,1
yaja,1
sfuyu,1
sfuuy,1
YUSUF,1
YUSUF,1
fsuyu,1
rfani,1
rfnai,1
irfan,1
IRFAN,1
rafni,1
heyogs,1
gyeosh,1
yogesh,1
ogshye,1
hgyeso,1
YASHRAJ,1
YASHRAJ,1
yashraj,1
YASHRAJ,1
yahjras,1
ARISFA,0
ARISFA,0
riasfa,0
arsiaf,0
saairf,0
sgaehny,1
YAGNESH,1
hysneag,1
nygaseh,1
syheagn,1
diva,0
idav,0
diva,0
ivda,0
DIVA,0
HARESH,1
HARESH,1
hearhs,1
haresh,1
haresh,1
nadim,1
mdnai,1
maidn,1
nadim,1
mandi,1
mairn,1
raimn,1
rinam,1
nimar,1
rnima,1
esvinh,1
venish,1
VENISH,1
venish,1
venish,1
aimls,1
msail,1
SALIM,1
SALIM,1
isaml,1
jvar,1
ravj,1
arvj,1
VRAJ,1
ajrv,1
hiaskh,1
hsakhi,1
aihshk,1
SHAIKH,1
khahis,1
vithal,1
tvlaih,1
htlaiv,1
lvtiah,1
VITHAL,1
vishrut,1
VISHRUT,1
VISHRUT,1
vhrusti,1
siuvhrt,1
VISHAL,1
vishal,1
vishal,1
VISHAL,1
vishal,1
ughkasrn,1
nsugahkr,1
krushang,1
krushang,1
krushang,1
srungvha,1
vrushang,1
auvnshgr,1
vrushang,1
VRUSHANG,1
railv,1
rvail,1
VIRAL,1
viral,1
VIRAL,1
shriihts,0
istrshih,0
shrishti,0
SHRISHTI,0
shrishti,0
BHARTI,0
htirba,0
bartih,0
BHARTI,0
BHARTI,0
aithrc,0
ahrtic,0
CHITRA,0
caitrh,0
chitra,0
lalita,0
ialtal,0
LALITA,0
aaltli,0
tlaali,0
vanita,0
taavin,0
VANITA,0
ivntaa,0
vanita,0
RAJNI,0
rajni,0
rajni,0
ianjr,0
iarjn,0
dolly,0
dlylo,0
ydlol,0
oylld,0
oldly,0
POONAM,0
poonam,0
POONAM,0
POONAM,0
nomoap,0
DIMPAL,0
apdiml,0
pmdial,0
pliamd,0
DIMPAL,0
VEERA,0
VEERA,0
aever,0
evear,0
veera,0
ANKITA,0
ankita,0
ANKITA,0
ANKITA,0
akaint,0
amsmu,0
umasm,0
MASUM,0
MASUM,0
mmusa,0
aenjte,0
aneetj,0
jeenat,0
aeejtn,0
JEENAT,0
soniya,0
SONIYA,0
asyion,0
nisaoy,0
iayosn,0
namrta,0
tanarm,0
namrta,0
namrta,0
namrta,0
ridhima,0
aridmih,0
RIDHIMA,0
ridhima,0
RIDHIMA,0
aistm,0
SMITA,0
smita,0
SMITA,0
SMITA,0
raipatw,0
PARWATI,0
parwati,0
parwati,0
parwati,0
mpaer,0
prame,0
prema,0
PREMA,0
PREMA,0
ndinain,0
andinni,0
nandini,0
idannni,0
iandinn,0
kanta,0
katna,0
KANTA,0
kanta,0
kanta,0
vnui,1
vinu,1
vinu,1
vinu,1
vinu,1
zwrian,1
zinrwa,1
ianzrw,1
rizwan,1
RIZWAN,1
VASHANT,1
htsvaan,1
vahsant,1
vashant,1
vashant,1
anhvaisk,0
kaiahvns,0
kaiavhsn,0
iavhksna,0
vanshika,0
VALLABH,1
vablahl,1
hlalbav,1
aballvh,1
VALLABH,1
sstkaiw,1
SWASTIK,1
swastik,1
SWASTIK,1
swastik,1
SHRADDHA,0
rhdshada,0
hdadasrh,0
shraddha,0
hhdsarad,0
patriga,0
gaatrpi,0
pragati,0
PRAGATI,0
PRAGATI,0
bnvaaha,0
vbnhaaa,0
BHAVANA,0
aanvabh,0
abahavn,0
aailvj,1
VALAJI,1
valaji,1
valaji,1
valaji,1
SAGAR,1
sagar,1
asgar,1
SAGAR,1
gaars,1
bhiryan,1
nirbhay,1
nirbhay,1
NIRBHAY,1
nirbhay,1
eenrgagl,0
lraggnee,0
nggreela,0
greengal,0
eenlagrg,0
kival,1
valki,1
VAKIL,1
VAKIL,1
vakil,1
lstiu,0
stuil,0
utisl,0
tulsi,0
tulsi,0
upendra,1
ueradpn,1
neraudp,1
upendra,1
UPENDRA,1
neela,0
elnae,0
elnae,0
neela,0
NEELA,0
emush,1
UMESH,1
eshmu,1
meush,1
esmuh,1
ugman,1
agumn,1
UMANG,1
ugnma,1
umang,1
kua,1
auk,1
UKA,1
kau,1
auk,1
tmiaas,0
SAMITA,0
amitas,0
samita,0
SAMITA,0
TUSHAR,1
ratsuh,1
tushar,1
thraus,1
tushar,1
rasvhia,1
raavsih,1
aasivrh,1
ishavar,1
ishavar,1
irsvaa,1
ISAVAR,1
vaisar,1
rvasai,1
ISAVAR,1
krshi,1
skhri,1
KRISH,1
krish,1
KRISH,1
krisha,0
krisha,0
krisha,0
arhski,0
KRISHA,0
iuyshp,1
pyishu,1
piyush,1
phusiy,1
PIYUSH,1
piyushi,0
piiyshu,0
ihyupis,0
piyushi,0
PIYUSHI,0
tirth,1
TIRTH,1
hittr,1
ttrhi,1
rhitt,1
TOSIF,1
TOSIF,1
TOSIF,1
fiots,1
TOSIF,1
ktmaill,1
tikmlal,1
TIKMLAL,1
tikmlal,1
tikmlal,1
THAKARSHI,1
kharishat,1
atshhakri,1
thakarshi,1
thakarshi,1
SHAURYA,1
rauhysa,1
aysuhar,1
haysuar,1
aayhusr,1
aahsnyad,0
syaaandh,0
aanhydsa,0
sanadhya,0
SANADHYA,0
ahdprla,1
rphlaad,1
adpalhr,1
hradlap,1
prahlad,1
SAURABHA,1
SAURABHA,1
saraabhu,1
saurabha,1
saurabha,1
nategsw,1
SWETANG,1
twsngea,1
agnwset,1
egtwnsa,1
KANIKA,0
KANIKA,0
aakkin,0
kanika,0
kaiank,0
siusl,1
SUSIL,1
SUSIL,1
SUSIL,1
usisl,1
aktihs,1
shakti,1
ksthia,1
shakti,1
itkahs,1
ruhsdi,1
SUDHIR,1
sudhir,1
sudhir,1
usrhdi,1
namita,0
iamant,0
tnaaim,0
imaatn,0
nmtaia,0
aranj,1
RAJAN,1
rajan,1
arajn,1
ajanr,1
snsoaunh,1
SONANSHU,1
nshsonau,1
ssouhnan,1
sonanshu,1
rja,1
jar,1
RAJ,1
raj,1
RAJ,1
saivaj,1
savaji,1
vajsia,1
savaji,1
sjaaiv,1
vaibhav,1
ivhbvaa,1
vaibhav,1
VAIBHAV,1
bhviaav,1
esarph,1
rehsap,1
hrsaep,1
hsrepa,1
PARESH,1
mithil,1
htiiml,1
mithil,1
mhtlii,1
mithil,1
umehl,1
ulhem,1
hlemu,1
mhleu,1
MEHUL,1
hviamd,0
ahvmid,0
MADHVI,0
mvdhia,0
MADHVI,0
sahepkl,1
klpaehs,1
kalseph,1
KALPESH,1
plkeash,1
PAKHI,0
PAKHI,0
pakhi,0
pakhi,0
ikahp,0
JAGDISH,1
sdhijga,1
jagdish,1
jagdish,1
igsdahj,1
lopag,1
paolg,1
gopal,1
GOPAL,1
pgola,1
DAYALAL,1
aalydla,1
ayldlaa,1
ydllaaa,1
dayalal,1
hjiibm,1
ibimjh,1
jibmih,1
bhimji,1
jhiimb,1
bhavik,1
bhavik,1
BHAVIK,1
bkhvia,1
bihavk,1
dviara,1
aidrva,1
vardia,1
ARAVID,1
ARAVID,1
SIMA,0
SIMA,0
aism,0
sima,0
SIMA,0
sausilh,1
uiashls,1
shusila,1
SHUSILA,1
ulsshia,1
dihhas,1
dsahih,1
hsdahi,1
shahid,1
ahisdh,1
SAVAN,1
avsan,1
nvsaa,1
SAVAN,1
SAVAN,1
SAUMIL,1
sumali,1
amulis,1
lsmiua,1
SAUMIL,1
sarang,1
sarang,1
sargan,1
sarang,1
SARANG,1
sandip,1
nadisp,1
inpsad,1
anpsdi,1
snpiad,1
SANAT,1
sanat,1
sanat,1
SANAT,1
sanat,1
misra,1
srmia,1
mrasi,1
samir,1
siarm,1
JIGNA,0
ginja,0
jigna,0
agnji,0
jgnia,0
uikhrs,1
hiruks,1
RUSHIK,1
rushik,1
RUSHIK,1
RINKESH,1
rinkesh,1
rinhkse,1
ksienrh,1
isknrhe,1
mahesh,1
haesmh,1
MAHESH,1
hmsahe,1
mahesh,1
pragti,0
itrapg,0
pragti,0
aitprg,0
PRAGTI,0
itam,1
aitm,1
atim,1
mtai,1
AMIT,1
RANCHOD,1
RANCHOD,1
ranchod,1
RANCHOD,1
ranchod,1
narnja,1
RANJAN,1
RANJAN,1
anjrna,1
RANJAN,1
ndapir,1
idrpan,1
idaprn,1
indrap,1
nipard,1
ralmla,1
alrlam,1
lrmala,1
llaarm,1
alarml,1
jenil,1
njeil,1
ijnle,1
jenil,1
JENIL,1
puna,1
PUNA,1
PUNA,1
PUNA,1
unap,1
PRABHU,1
prabhu,1
PRABHU,1
ubpahr,1
hruapb,1
rtpgaa,1
pragat,1
pagtar,1
aragpt,1
PRAGAT,1
prhaic,0
PRACHI,0
prachi,0
prachi,0
rhpcai,0
lr fapu,1
praful ,1
PRAFUL ,1
f rulap,1
PRAFUL ,1
papolatl,1
POPATLAL,1
oatapllp,1
popatlal,1
atpolpal,1
peihnks,1
PINKESH,1
PINKESH,1
pinkesh,1
PINKESH,1
abdul,1
bdlau,1
laudb,1
abdul,1
abdul,1
odha,1
ODHA,1
odha,1
ODHA,1
doah,1
jenish,1
JENISH,1
ehjsin,1
hnisej,1
jenish,1
nitesh,1
nitesh,1
nitesh,1
ihtnes,1
nitesh,1
atin,0
nita,0
anti,0
NITA,0
aint,0
niroj,1
niroj,1
NIROJ,1
niroj,1
NIROJ,1
NIMESH,1
NIMESH,1
mihsne,1
sinemh,1
NIMESH,1
ninlkaht,1
NILKANTH,1
anhinklt,1
tkliahnn,1
hianltkn,1
NIKUNJ,1
NIKUNJ,1
NIKUNJ,1
nikunj,1
nikunj,1
ialnh,1
nihal,1
nihal,1
NIHAL,1
nihal,1
hiarn,1
nihar,1
ahrin,1
NIHAR,1
nihar,1
alneey,1
ayelen,1
yeanel,1
NEELAY,1
yenlea,1
NEMISH,1
mishne,1
NEMISH,1
enimsh,1
einhms,1
elne,1
neel,1
lnee,1
leen,1
eeln,1
narid,0
INDRA,0
idrna,0
idran,0
INDRA,0
uanmj,0
jnmua,0
manju,0
amujn,0
naumj,0
palru,0
PARUL,0
PARUL,0
parul,0
parul,0
aart,0
TARA,0
TARA,0
atra,0
tara,0
krishka,0
khirask,0
krishka,0
iksrkha,0
ikskarh,0
ilema,0
ilema,0
lamei,0
lamie,0
lmiea,0
SAHIBA,0
sahiba,0
SAHIBA,0
sahiba,0
aihbas,0
chandni,0
adhnicn,0
dhncani,0
chandni,0
hnacind,0
BIMLA,0
BIMLA,0
bimla,0
bimla,0
almib,0
ayma,0
yama,0
maya,0
MAYA,0
ayam,0
tasira,0
aiasrt,0
SARITA,0
artais,0
SARITA,0
hbsriuk,0
khsiurb,0
sruihbk,0
hrsbuki,0
sukhbir,0
saveta,0
veaats,0
saveta,0
saveta,0
saveta,0
RANI,0
rani,0
rani,0
rani,0
ianr,0
KAFIA,0
kafia,0
aikfa,0
kafia,0
afkia,0
MINAKSHI,0
MINAKSHI,0
ihisaknm,0
minakshi,0
iaisnmkh,0
shabana,0
shabana,0
bnhasaa,0
SHABANA,0
hanbasa,0
kinya,0
KINYA,0
inayk,0
aikny,0
kinya,0
uatmmz,0
MUMTAZ,0
uamtzm,0
utmzam,0
mztmau,0
mohini,0
omnhii,0
onhmii,0
MOHINI,0
hiomin,0
rupa,0
rpua,0
urpa,0
RUPA,0
RUPA,0
SAROJ,0
SAROJ,0
rsajo,0
saroj,0
jarso,0
puphas,0
spphua,0
pahsup,0
hapspu,0
psuhpa,0
miaanar,0
imarana,0
ainrama,0
minaaar,0
imarana,0
kairyp,0
KRIPYA,0
kripya,0
KRIPYA,0
ryipka,0
CHANCHAL,0
chanchal,0
hcaalhnc,0
chchalan,0
chanchal,0
madhu,0
umadh,0
madhu,0
duhma,0
aduhm,0
msdhiaath,0
imahdhsta,0
amdsihtah,0
dhamishta,0
ihmaatshd,0
laiosn,0
sonali,0
SONALI,0
inosal,0
SONALI,0
PADMA,0
mapad,0
padma,0
dmpaa,0
padma,0
ayaj,0
yaja,0
jaya,0
yjaa,0
ajay,0
ustmiar,0
imtraus,0
sumitra,0
mruatsi,0
utasrmi,0
hnatu,1
hatnu,1
nathu,1
uanht,1
nathu,1
NARSI,1
naisr,1
NARSI,1
NARSI,1
narsi,1
anranay,1
arnnaay,1
yrnaaan,1
NARAYAN,1
ryaanna,1
injna,1
jinan,1
innja,1
jnani,1
NANJI,1
NAGJI,1
NAGJI,1
nagji,1
NAGJI,1
iagjn,1
murili,1
rmiliu,1
MURILI,1
ilrumi,1
ilrium,1
BIPIN,1
bipin,1
pibin,1
BIPIN,1
nbipi,1
jmira,1
ramji,1
ramji,1
raijm,1
RAMJI,1
miraj,1
MIRAJ,1
mriaj,1
MIRAJ,1
MIRAJ,1
mavji,1
ajvmi,1
MAVJI,1
MAVJI,1
mavji,1
manu,1
unma,1
manu,1
manu,1
uamn,1
MANSUKH,1
hasnkum,1
kmnusha,1
muankhs,1
MANSUKH,1
majin,1
ianmj,1
manji,1
manji,1
jainm,1
rmanha,1
nhmaar,1
manhar,1
MANHAR,1
MANHAR,1
BHAVIN,1
BHAVIN,1
ahbvin,1
bnhiav,1
hvniab,1
LAVAJI,1
LAVAJI,1
ialjva,1
lavaji,1
ajvila,1
shubhas,1
shubhas,1
ssbhauh,1
hhbsaus,1
shubhas,1
LABHU,1
labhu,1
lbhua,1
luhab,1
LABHU,1
kishor,1
kriosh,1
KISHOR,1
KISHOR,1
kishor,1
KISHAN,1
KISHAN,1
nishak,1
hniska,1
kishan,1
nliakj,0
KINJAL,0
KINJAL,0
KINJAL,0
ikalnj,0
silkauhh,0
KHUSHALI,0
ulakshhi,0
hklihuas,0
ailkushh,0
ahsok,1
kohsa,1
ashok,1
ASHOK,1
ASHOK,1
aibhhk,1
bhikha,1
BHIKHA,1
BHIKHA,1
bhikha,1
KEVIN,1
kniev,1
veink,1
nviek,1
kevin,1
KEYUR,1
keury,1
yeukr,1
ureky,1
KEYUR,1
ketan,1
tkena,1
KETAN,1
ktaen,1
kntae,1
hasmukh,1
HASMUKH,1
HASMUKH,1
HASMUKH,1
HASMUKH,1
aihslka,0
ksilhaa,0
KAILASH,0
aliakhs,0
hiaaslk,0
avtaki,0
KAVITA,0
vaaitk,0
tiakav,0
avaikt,0
KARSAN,1
aranks,1
raanks,1
rskaan,1
KARSAN,1
sanjay,1
SANJAY,1
saanyj,1
asyajn,1
anayjs,1
anrka,1
KARAN,1
karan,1
ankar,1
karan,1
kapli,1
kapli,1
kapli,1
kapli,1
KAPLI,1
aamlk,1
lakam,1
KAMAL,1
kaalm,1
aalmk,1
kalpana,0
kalpana,0
kalpana,0
kalpana,0
kalpana,0
jvjria,1
JIVRAJ,1
JIVRAJ,1
jivraj,1
avirjj,1
jivan,1
JIVAN,1
anjiv,1
nivaj,1
jvain,1
jitu,1
uitj,1
jitu,1
JITU,1
iujt,1
irjag,1
JIGAR,1
JIGAR,1
jigar,1
ragji,1
nayan,1
NAYAN,1
nayan,1
nayna,1
nayan,1
JASVANT,1
atnavjs,1
jasvant,1
tvajans,1
jasvant,1
vandna,0
aavnnd,0
vdaann,0
navnda,0
vandna,0
kniar,0
aknir,0
anikr,0
kiran,0
kiran,0
uiarg,0
uarig,0
gauri,0
GAURI,0
aruig,0
ARTI,0
arti,0
ARTI,0
ARTI,0
arti,0
eenut,0
NEETU,0
tneeu,0
eentu,0
neetu,0
nurbi,0
biunr,0
NURBI,0
rbuni,0
nirub,0
HEMLATA,0
almaeht,0
HEMLATA,0
atlmahe,0
hatemal,0
mahel,0
emalh,0
hemal,0
mlaeh,0
HEMAL,0
ADITYA,0
aaytdi,0
ydaiat,0
aditya,0
taiday,0
unja,0
janu,0
JANU,0
naju,0
JANU,0
KAJOL,0
KAJOL,0
kajol,0
kajol,0
ljoak,0
parvti,0
parvti,0
ptiarv,0
aitvpr,0
parvti,0
rhaerisjwa,0
jraeaiswrh,0
RAJESHWARI,0
asjherwira,0
rajeshwari,0
iliaahfs,0
hilsifaa,0
afailhis,0
SHAIFALI,0
SHAIFALI,0
atnay,0
tanya,0
tanya,0
TANYA,0
TANYA,0
lainm,0
nlami,0
imnla,0
lamni,0
NILAM,0
avihet,0
hetavi,0
hetavi,0
hetavi,0
hievat,0
ehdvbape,0
bhavdeep,0
eebhvpad,0
BHAVDEEP,0
bhavdeep,0
anaid,0
idnaa,0
danai,0
naadi,0
DIANA,0
sonam,0
samon,0
oasnm,0
SONAM,0
osamn,0
SUKHMANI,0
kaumsinh,0
sukhmani,0
sukhmani,0
ukmihnas,0
iaarak,0
KIARAA,0
raaaik,0
KIARAA,0
kiaraa,0
iaal,0
ALIA,0
ALIA,0
iala,0
alia,0
apsatl,1
satpal,1
tlsapa,1
taspla,1
satpal,1
ram,1
rma,1
ram,1
ram,1
RAM,1
arspah,1
parash,1
raasph,1
PARASH,1
PARASH,1
mustaq,1
MUSTAQ,1
tmsaqu,1
MUSTAQ,1
MUSTAQ,1
lilab,1
lalib,1
lalbi,1
BILAL,1
BILAL,1
daenirjt,1
anidrtej,1
nijedtar,1
readjint,1
JITENDRA,1
rnide,1
inder,1
inder,1
inder,1
inder,1
shakib,1
bisahk,1
ksiabh,1
bkhais,1
hasikb,1
divaraj,1
divaraj,1
divaraj,1
DIVARAJ,1
DIVARAJ,1
abahvni,1
ABHINAV,1
abhinav,1
havibna,1
ABHINAV,1
vrajana,0
rajnvaa,0
ajvnraa,0
aaanrjv,0
vrajana,0
tsiarahh,0
harshita,0
hsraiaht,0
HARSHITA,0
ihhaastr,0
headm,0
MEDHA,0
medha,0
medha,0
dmaeh,0
bushraa,0
aasburh,0
uaasbrh,0
uaharsb,0
abhrsau,0
evaa,0
aeva,0
evaa,0
evaa,0
EVAA,0
AZRUDDIN,1
azruddin,1
zdaruind,1
AZRUDDIN,1
rdidunza,1
srihmu,1
MUSHIR,1
mushir,1
himusr,1
MUSHIR,1
avneet,0
antvee,0
avneet,0
neevat,0
eavent,0
shthanirci,0
CHITRANSHI,0
rshntaiihc,0
hiichsnrat,0
chitranshi,0
dhngvoi,1
ghnivdo,1
ogdivhn,1
govindh,1
voihgdn,1
GOVIND,1
GOVIND,1
nodigv,1
govind,1
GOVIND,1
vasundhara,0
rdvahnuaas,0
dnsavruhaa,0
vasundhara,0
vasundhara,0
sakshi,0
asikhs,0
sakshi,0
sakshi,0
hsiask,0
ashi,0
ASHI,0
ashi,0
iahs,0
ASHI,0
uhkasna,0
anushka,0
anushka,0
sanuahk,0
ANUSHKA,0
niom,0
moni,0
moni,0
MONI,0
MONI,0
avatar,1
AVATAR,1
tavara,1
AVATAR,1
avatar,1
gaaffr,1
fraagf,1
gfrafa,1
ffaagr,1
gaffar,1
pkeade,1
eakped,1
deepak,1
deepak,1
edkpea,1
altli,1
lalit,1
LALIT,1
lalit,1
atlli,1
brij,1
BRIJ,1
bijr,1
BRIJ,1
brij,1
subhash,1
suahbhs,1
SUBHASH,1
SUBHASH,1
ahusbsh,1
itsnhan,1
nishant,1
nishant,1
atnhisn,1
NISHANT,1
SHEKHAR,1
shekhar,1
rshahke,1
SHEKHAR,1
sekharh,1
ehdrpae,1
hardeep,1
aeperhd,1
ehdpaer,1
edhrape,1
aarwtti,0
ttaarwi,0
itaatrw,0
twarita,0
wrtatai,0
SAMREEN,0
aemrnse,0
aseemrn,0
samreen,0
nremesa,0
aayushi,0
uhsiaay,0
isauahy,0
aayushi,0
aiuyahs,0
neha,0
neha,0
nhea,0
neha,0
neha,0
dihsak,0
idsakh,0
khidsa,0
dkhisa,0
ikdash,0
VEERJI,0
reievj,0
evjeir,0
veerji,0
rjevei,0
ESHA,0
eahs,0
ESHA,0
ESHA,0
shea,0
KIARA,0
KIARA,0
rkaia,0
kiara,0
akria,0
nasol,0
anslo,0
SONAL,0
asnol,0
nlaos,0
MAHIRA,0
mahira,0
mahira,0
MAHIRA,0
rihama,0
sonalika,0
isonakal,0
SONALIKA,0
SONALIKA,0
sonalika,0
aiginr,0
aiignr,0
ianigr,0
RAGINI,0
gnirai,0
oopar,0
ROOPA,0
opoar,0
ROOPA,0
roopa,0
apun,1
npua,1
aunp,1
upna,1
npua,1
aamir,1
aamir,1
AAMIR,1
AAMIR,1
AAMIR,1
iaafs,1
isfaa,1
aasif,1
asafi,1
AASIF,1
riba,1
iarb,1
ABIR,1
abir,1
abir,1
ial,1
ALI,1
lia,1
ali,1
ALI,1
nsaa,1
anas,1
aasn,1
anas,1
asan,1
juhi,0
JUHI,0
juhi,0
JUHI,0
JUHI,0
SMRITI,0
rmsiit,0
tirmsi,0
SMRITI,0
SMRITI,0
MOULI,0
uolim,0
mouli,0
MOULI,0
MOULI,0
URVSHI,0
shirvu,0
rvuihs,0
svhiur,0
URVSHI,0
erjnfeni,0
JENNIFER,0
fnjnreie,0
enejrfin,0
fniejnre,0
sphail,0
lpahis,0
ilashp,0
iaphsl,0
haipsl,0
aamna,0
mnaaa,0
aamna,0
AAMNA,0
aamna,0
aangn,1
angna,1
agnan,1
nanag,1
gnnaa,1
arvuap,1
APURVA,1
APURVA,1
vpauar,1
vupaar,1
ARHAAN,1
ARHAAN,1
raaanh,1
ARHAAN,1
hnaaar,1
ARIJIT,1
irjati,1
arijit,1
arijit,1
irajit,1
arjit,1
ARJIT,1
ARJIT,1
ARJIT,1
traij,1
ujrna,1
arnju,1
arjun,1
uanjr,1
arjun,1
irtpa,1
ARPIT,1
ripat,1
arpit,1
itapr,1
barun,1
nrabu,1
rubna,1
BARUN,1
barun,1
eednv,1
evned,1
DEVEN,1
neved,1
DEVEN,1
rashami,0
RASHAMI,0
RASHAMI,0
ahsmari,0
RASHAMI,0
rsaa,0
SARA,0
rasa,0
sara,0
asar,0
SUKIRTI,0
kiitusr,0
usritki,0
tusikri,0
sukirti,0
MADHURIMA,0
rimhamuad,0
madhurima,0
MADHURIMA,0
mhdauarmi,0
SANAYA,0
aaynsa,0
SANAYA,0
anyaas,0
SANAYA,0
sriti,0
SRITI,0
SRITI,0
rstii,0
sriti,0
HINA,0
hina,0
hina,0
niah,0
niah,0
ihab,0
ibah,0
HIBA,0
hbia,0
hiba,0
AVIKA,0
ivaak,0
kvaai,0
avika,0
akaiv,0
ahmmia,0
haiamm,0
mimaha,0
mahima,0
mahima,0
runina,0
runina,0
annriu,0
runina,0
runina,0
mugdha,0
mgduah,0
agmudh,0
mugdha,0
hgdmua,0
ildip,1
iildp,1
DILIP,1
dilip,1
DILIP,1
amtagu,1
mgauat,1
GAUTAM,1
mgtuaa,1
gautam,1
GAURAV,1
rgvaua,1
gaurav,1
avagur,1
urvgaa,1
GURMEET,1
retgmue,1
GURMEET,1
GURMEET,1
tegerum,1
hshar,1
HARSH,1
HARSH,1
HARSH,1
HARSH,1
HARSHAD,1
raahshd,1
HARSHAD,1
harshad,1
harshad,1
hiten,1
nithe,1
hiten,1
HITEN,1
hiten,1
himanshu,1
himanshu,1
himanshu,1
unhsahmi,1
himanshu,1
mtiij,1
imjti,1
jimit,1
JIMIT,1
itjim,1
rkrmeave,1
karmveer,1
KARMVEER,1
karmveer,1
karmveer,1
varkinar,1
akarrnvi,1
KARANVIR,1
krnarvai,1
KARANVIR,1
KINSHUK,1
kinshuk,1
knusihk,1
kinshuk,1
nkhskui,1
SHARDA,0
SHARDA,0
SHARDA,0
sharda,0
asardh,0
kunal,1
kunal,1
kulna,1
lkuan,1
lanuk,1
agia,0
gaai,0
giaa,0
giaa,0
giaa,0
adaa,0
daaa,0
daaa,0
adaa,0
adaa,0
PRATYUSHA,0
pratyusha,0
PRATYUSHA,0
rpahasuyt,0
hpatyasur,0
RUCHA,0
RUCHA,0
chaur,0
RUCHA,0
RUCHA,0
YUKTI,0
YUKTI,0
YUKTI,0
yukti,0
yitku,0
nia,0
ain,0
NIA,0
ani,0
ian,0
isbruh,0
rubihs,0
surbhi,0
SURBHI,0
SURBHI,0
gulki,0
gulki,0
gulki,0
kulig,0
GULKI,0
shrenu,0
unresh,0
rsheun,0
SHRENU,0
SHRENU,0
AMRAPALI,0
AMRAPALI,0
lampriaa,0
aaamirlp,0
AMRAPALI,0
TORAL,0
toral,0
toral,0
artlo,0
TORAL,0
iekertpa,0
preetika,0
katpreei,0
eeiktarp,0
arpetike,0
lsahk,1
lsahk,1
shalk,1
skhla,1
haskl,1
lyanaav,1
LAVANYA,1
laanyav,1
nvaalay,1
LAVANYA,1
LEENESH,1
eehseln,1
lesneeh,1
seeelnh,1
nehsele,1
RADHIKA,0
radhika,0
radhika,0
hrdakai,0
haidakr,0
hmsaskai,0
samiksha,0
hisasamk,0
SAMIKSHA,0
iaksashm,0
enesh,0
seehn,0
enesh,0
sheen,0
sheen,0
erica,0
iaerc,0
raiec,0
eaicr,0
ERICA,0
ASHI,0
ASHI,0
hsai,0
ashi,0
ashi,0
eahr,0
RHEA,0
aher,0
aher,0
rhea,0
MANAV,1
MANAV,1
vanma,1
manav,1
mnava,1
kmaim,1
immka,1
kaimm,1
mamik,1
kiamm,1
lsihma,1
alhims,1
ihmsla,1
asmlih,1
mishal,1
qliba,1
IQBAL,1
laiqb,1
IQBAL,1
abliq,1
nazim,1
nazim,1
ianzm,1
NAZIM,1
NAZIM,1
ilmka,1
malik,1
malik,1
MALIK,1
ilakm,1
nakuul,1
luanku,1
auuknl,1
NAKUUL,1
kanluu,1
inkam,1
minka,1
nkmai,1
NAMIK,1
namik,1
ntiam,1
NAMIT,1
ntiam,1
NAMIT,1
itanm,1
arshiika,0
rishikaa,0
rishikaa,0
rishikaa,0
aarisikh,0
yuairm,0
mayuri,0
mayuri,0
urmiay,0
ramiuy,0
NIKKI,0
NIKKI,0
iknik,0
kkini,0
NIKKI,0
rpama,1
PARAM,1
PARAM,1
apmar,1
amapr,1
saapr,1
srapa,1
paras,1
araps,1
spara,1
PUNEET,1
puneet,1
euepnt,1
eentup,1
eentpu,1
RAHIL,1
rahil,1
RAHIL,1
rihal,1
RAHIL,1
ajrta,1
rajat,1
aartj,1
jaatr,1
jrata,1
reveja,1
eravje,1
jearve,1
rajeev,1
RAJEEV,1
RANDEEP,1
RANDEEP,1
reepdan,1
RANDEEP,1
pardene,1
RONIT,1
rotin,1
tonri,1
onitr,1
RONIT,1
ebtmha,0
mehtab,0
MEHTAB,0
MEHTAB,0
hebmta,0
BIBBO,0
iobbb,0
BIBBO,0
biobb,0
ibbbo,0
DEVIKA,0
iadkev,0
eavikd,0
DEVIKA,0
DEVIKA,0
shobhna,0
hobshan,0
honhbas,0
bhnhosa,0
nhhabso,0
anamju,0
jamuna,0
jaunam,0
nmauaj,0
JAMUNA,0
SITARA,0
SITARA,0
SITARA,0
SITARA,0
sitara,0
santah,0
tnshaa,0
atasnh,0
SHANTA,0
santha,0
aahsadn,0
sadhana,0
ahsadan,0
ahasadn,0
andahsa,0
nalini,0
ialnni,0
inainl,0
lnnaii,0
lniani,0
MEENA,0
MEENA,0
MEENA,0
meena,0
naeem,0
SWARAN,0
swaran,0
swaran,0
saanwr,0
srwaan,0
SURAIYA,0
suraiya,0
ausiyra,0
SURAIYA,0
ursayia,0
asha,0
ASHA,0
ASHA,0
asha,0
ASHA,0
onor,0
rnoo,0
NOOR,0
NOOR,0
NOOR,0
shbena,1
bsnhae,1
SEHBAN,1
hbsaen,1
SEHBAN,1
siddhant,1
iadtdnsh,1
sdinthad,1
adntdihs,1
shaddtni,1
r ashkuhh,1
suhr khah,1
sha kurhh,1
rahuhk sh,1
rkhhuhsa ,1
SHANTANU,1
shantanu,1
SHANTANU,1
hsauntna,1
SHANTANU,1
shivaji,1
sjivaih,1
ihsajiv,1
isihvja,1
SHIVAJI,1
sumedh,1
SUMEDH,1
SUMEDH,1
sumedh,1
mesduh,1
VARUN,1
avurn,1
vnrua,1
VARUN,1
varun,1
hblaaduma,0
madhubala,0
abmahlaud,0
MADHUBALA,0
MADHUBALA,0
uma,0
UMA,0
amu,0
UMA,0
uam,0
knamii,0
kiamin,0
mikain,0
iiankm,0
KAMINI,0
nimmi,0
nimmi,0
mmnii,0
niimm,0
nimmi,0
alishka,0
SHAKILA,0
shakila,0
kisahal,0
SHAKILA,0
mmhisa,0
mmhisa,0
shammi,0
SHAMMI,0
mshami,0
hbmnatiau,0
bhanumati,0
uhtimnbaa,0
bhanumati,0
bahmaitnu,0
NIRUPA,0
ianrpu,0
rniupa,0
NIRUPA,0
nirupa,0
nutan,0
nutan,0
nuant,0
nutan,0
nutan,0
bina,0
bina,0
bina,0
BINA,0
anbi,0
NADIRA,0
aanidr,0
iadnra,0
nadira,0
aidanr,0
VIVIAN,1
invavi,1
navivi,1
vvinai,1
vniaiv,1
zain,1
inza,1
zain,1
zain,1
ZAIN,1
SUSHANT,1
atsnhus,1
SUSHANT,1
anuhsst,1
sushant,1
ertig,1
TIGER,1
eritg,1
tiger,1
grtie,1
irv,1
irv,1
VIR,1
riv,1
VIR,1
tkrhhii,1
ihhkitr,1
HRITHIK,1
HRITHIK,1
HRITHIK,1
shahid,1
hhdsai,1
SHAHID,1
shdhai,1
hsdiha,1
RANVEER,1
ervraen,1
ranveer,1
RANVEER,1
evraner,1
TAAHA,1
TAAHA,1
TAAHA,1
TAAHA,1
TAAHA,1
AMEETA,0
ameeta,0
AMEETA,0
AMEETA,0
AMEETA,0
shyama,0
SHYAMA,0
SHYAMA,0
aasmhy,0
amhyas,0
SUCHITRA,0
SUCHITRA,0
SUCHITRA,0
suchitra,0
SUCHITRA,0
nomio,0
ioomn,0
minoo,0
nmooi,0
omoin,0
mala,0
mlaa,0
mala,0
mala,0
lmaa,0
padmini,0
iiadnmp,0
idnimpa,0
iipanmd,0
PADMINI,0
HELEN,0
helen,0
helen,0
helen,0
nhele,0
nanda,0
naand,0
nanda,0
dnana,0
nnaad,0
SAIRA,0
saira,0
iaras,0
iraas,0
SAIRA,0
ytahjani,0
jayanthi,0
JAYANTHI,0
JAYANTHI,0
yhjinaat,0
fanrha,1
FARHAN,1
rafanh,1
farhan,1
nahfar,1
bupar,1
PURAB,1
PURAB,1
aprub,1
bupar,1
havahsdarhnr,1
HARSHVARDHAN,1
nsvdhrhahraa,1
HARSHVARDHAN,1
harshvardhan,1
ayushman,1
nuymhasa,1
yasuanmh,1
namhausy,1
AYUSHMAN,1
fawad,1
fawad,1
FAWAD,1
fwdaa,1
dwaaf,1
bboyb,1
BOBBY,1
BOBBY,1
yobbb,1
bobyb,1
ganlhus,1
gulshan,1
ugnslah,1
gulshan,1
lsnhgua,1
HIMESHRESHAMMIYA,1
rshhmemiasaiymeh,1
HIMESHRESHAMMIYA,1
asihrmmmsehyeiah,1
HIMESHRESHAMMIYA,1
iaanshe,1
ieshaan,1
ieshaan,1
IESHAAN,1
hinaesa,1
yjckak,1
jkcyka,1
jackky,1
JACKKY,1
cakjyk,1
mahe,0
hema,0
hema,0
hema,0
mhea,0
RAAKHEE,0
RAAKHEE,0
RAAKHEE,0
heraeak,0
RAAKHEE,0
eatygeo,0
aytogee,0
YOGEETA,0
YOGEETA,0
yogeeta,0
enera,0
reena,0
naeer,0
REENA,0
reena,0
iayvd,0
dyiav,0
vidya,0
vidya,0
vidya,0
entrajae,0
ranjeeta,0
ranjeeta,0
ratajene,0
RANJEETA,0
peidte,0
DEEPTI,0
dipete,0
dietep,0
deepti,0
SRIDEVI,0
rieidvs,0
ieisdrv,0
sreidiv,0
SRIDEVI,0
VIJAYTA,0
VIJAYTA,0
ajaityv,0
avjtaiy,0
jytiaav,0
rati,0
rita,0
RATI,0
rati,0
RATI,0
salma,0
alsam,0
SALMA,0
slaam,0
amlsa,0
ksahiemne,0
aeksmnhei,0
MEENAKSHI,0
ekmsaiehn,0
ekhnsamie,0
eemnal,0
neemal,0
neelam,0
NEELAM,0
nemael,0
iaumlr,0
urmila,0
URMILA,0
muairl,0
irulam,0
iktrka,1
KARTIK,1
kartik,1
KARTIK,1
kaiktr,1
MAHAKSHAY,1
khahayasm,1
MAHAKSHAY,1
kmhaysaha,1
samhkhaay,1
OMI,1
oim,1
OMI,1
OMI,1
omi,1
inlne itni,1
ltniie nni,1
neil nitin,1
iilinnt ne,1
niln teiin,1
priyadarshan,1
PRIYADARSHAN,1
diasaapyhnrr,1
srynarhiapad,1
rrsiyhadnpaa,1
pulkit,1
PULKIT,1
tkilpu,1
pultik,1
PULKIT,1
RAJKUMMAR,1
rajkummar,1
RAJKUMMAR,1
rajkummar,1
ajkmuramr,1
ritesh,1
RITESH,1
RITESH,1
tirhse,1
sthrei,1
saif ali khan,1
ia shlaif ank,1
iflaaka ihns ,1
SAIF ALI KHAN,1
h isianfalk a,1
sammir,1
mmrisa,1
siramm,1
rsiamm,1
sammir,1
shiney,1
SHINEY,1
shiney,1
shiney,1
shynei,1
sooraj,1
SOORAJ,1
jarsoo,1
SOORAJ,1
joraso,1
elsuni,1
sliuen,1
unsile,1
suniel,1
SUNIEL,1
BIPASHA,0
ahaspib,0
sapiahb,0
bipasha,0
bipasha,0
ISHA,0
aish,0
hsia,0
hais,0
saih,0
rhkeeti,0
eiekrth,0
keerthi,0
thrkiee,0
ertheik,0
sandali,0
ansalid,0
sandali,0
aadisnl,0
sandali,0
minoca,0
monica,0
monica,0
MONICA,0
oinamc,0
TANISHAA,0
TANISHAA,0
TANISHAA,0
asiathna,0
TANISHAA,0
rmhee,0
meher,0
meher,0
meher,0
hemer,0
manjari,0
MANJARI,0
manjari,0
manjari,0
MANJARI,0
DAKSHITA,0
aiahdskt,0
ksahatdi,0
tiskhdaa,0
dakshita,0
ESHAN,1
sehan,1
nseah,1
snhae,1
ESHAN,1
enume,0
MEENU,0
meenu,0
meenu,0
meenu,0
nasyotj,0
ojtyasn,0
jnaoyst,0
ystjoan,0
jyostna,0
TAMANNAAH,0
annaahamt,0
tamannaah,0
hnmtaaaan,0
TAMANNAAH,0
amol,1
amol,1
aoml,1
amol,1
oaml,1
teeums,1
SUMEET,1
stueem,1
eesmut,1
SUMEET,1
ISHWAK,1
ishwak,1
shkiaw,1
ishwak,1
whiask,1
naaaah,0
aahana,0
aahana,0
nhaaaa,0
aanaha,0
hnwayissai,0
iywihasnas,0
nsyiaahisw,0
naahiwsiys,0
YASHASWINI,0
AISHA,0
aisha,0
aisha,0
asiah,0
hsaia,0
aavmni,0
MAANVI,0
maanvi,0
MAANVI,0
miavan,0
ankshia,0
hansika,0
sainhka,0
knhasai,0
hansika,0
RICHA,0
richa,0
ahicr,0
icahr,0
rihac,0
SANDEEPA,0
sandeepa,0
ndpsaaee,0
SANDEEPA,0
sandeepa,0
aetinrpei,0
napetriie,0
parineeti,0
PARINEETI,0
taperneii,0
huma,0
huma,0
huma,0
huma,0
huam,0
iieana,0
ianeai,0
aineai,0
iieana,0
IIEANA,0
yam,0
aym,0
amy,0
amy,0
amy,0
aetespa,0
taeeasp,0
tpeseaa,0
taapsee,0
TAAPSEE,0
lisa,0
LISA,0
asli,0
sila,0
LISA,0
athiya,0
yiahat,0
athiya,0
ATHIYA,0
athiya,0
MAWARA,0
amwraa,0
maaawr,0
mawara,0
MAWARA,0
ritkia,0
tkriia,0
ariikt,0
ritika,0
ktiria,0
jhinav,0
JANHVI,0
JANHVI,0
JANHVI,0
JANHVI,0
tripti,0
rititp,0
TRIPTI,0
piitrt,0
tripit,0
rtaa,0
atar,0
TARA,0
atar,0
tara,0
mrunal,0
aurmnl,0
mnuarl,0
mrnaul,0
MRUNAL,0
yaaal,0
layaa,0
laaay,0
ALAYA,0
alaya,0
esharitj,0
tejashri,0
TEJASHRI,0
TEJASHRI,0
tejashri,0
arina,0
niraa,0
arina,0
rniaa,0
naria,0
RAJSI,0
ajsri,0
jairs,0
rajsi,0
rasij,0
ANIL,1
ANIL,1
ANIL,1
ANIL,1
alin,1
ANGIRA,0
ANGIRA,0
ragina,0
gianra,0
inraga,0
avnhub,1
BHUVAN,1
bhuvan,1
bhuvan,1
bhuvan,1
ymhniac,1
chinmay,1
chinmay,1
chinmay,1
canhmiy,1
visshesh,1
visshesh,1
vhsshesi,1
hhseissv,1
visshesh,1
deepesh,1
deepesh,1
deeesph,1
deepesh,1
phdseee,1
tanimr,0
NIMRAT,0
nmrtia,0
miarnt,0
intmar,0
KISHWER,0
wskirhe,0
KISHWER,0
iswherk,0
kishwer,0
aurskihv,0
VRUSHIKA,0
VRUSHIKA,0
vrushika,0
siuvhkar,0
MALLIKA,0
liamakl,0
ilmkala,0
laklmai,0
ilakalm,0
vedus,1
SUDEV,1
devsu,1
dseuv,1
SUDEV,1
GAGANDEV≈∏,1
GAGANDEV≈∏,1
gagandev√ø,1
GAGANDEV≈∏,1
gv√øneaadg,1
aimlhit,0
mithila,0
MITHILA,0
mhiital,0
MITHILA,0
tahir,1
TAHIR,1
ithra,1
itarh,1
tahir,1
elakh,1
alekh,1
ALEKH,1
alekh,1
lhkea,1
raghu,1
gurha,1
ahugr,1
arhgu,1
augrh,1
uknara,1
RAUNAK,1
nukaar,1
kanrua,1
RAUNAK,1
idinh,0
nidhi,0
nidhi,0
NIDHI,0
NIDHI,0
tridha,0
dhitar,0
rhitda,0
ahditr,0
TRIDHA,0
hlena,0
nehal,0
ahenl,0
nehal,0
NEHAL,0
JINNIE,0
njinie,0
jinnie,0
nnjiei,0
JINNIE,0
nyhis,0
shiny,0
SHINY,0
nshiy,0
SHINY,0
sirpauy,0
urspiya,0
ipaysru,0
SUPRIYA,0
SUPRIYA,0
iira,0
airi,0
riia,0
iira,0
iiar,0
MANVI,0
MANVI,0
manvi,0
vmian,0
MANVI,0
sanni,0
sanni,0
sanni,0
annis,0
ainsn,0
siahn,0
HANSI,0
HANSI,0
hansi,0
nsiha,0
lyirpa,0
priyal,0
piaryl,0
lyaipr,0
apirly,0
marina,0
marina,0
naairm,0
aiamnr,0
anriam,0
vcaeinro,0
ecvnario,0
nvriecoa,0
VERONICA,0
VERONICA,0
mnatai,0
tanami,0
taimna,0
tanima,0
natami,0
agnhae,0
gehana,0
gehana,0
ahenga,0
GEHANA,0
NEETHU,0
neethu,0
neethu,0
ehtenu,0
neethu,0
nagma,0
NAGMA,0
NAGMA,0
mgana,0
NAGMA,0
larof,0
FLORA,0
flora,0
afrlo,0
FLORA,0
AAROHI,0
ohaari,0
aihoar,0
AAROHI,0
AAROHI,0
ykaav,0
KAVYA,0
kavya,0
vkaay,0
akvay,0
anusmriti,0
ANUSMRITI,0
itrmunsia,0
anusmriti,0
ANUSMRITI,0
aimh,0
mahi,0
mahi,0
maih,0
MAHI,0
taahas,0
aatash,0
sahaat,0
AASTHA,0
ahsaat,0
iepkarr,0
PRERIKA,0
prerika,0
krpreai,0
PRERIKA,0
pihu,0
iuph,0
pihu,0
puhi,0
uiph,0
nraepr,0
panrre,0
PRERNA,0
naeprr,0
reranp,0
rjaa,1
raja,1
RAJA,1
jraa,1
jraa,1
LOKESH,1
LOKESH,1
koehls,1
lksoeh,1
LOKESH,1
dchan,1
chand,1
dhacn,1
CHAND,1
CHAND,1
baljeet,1
baljeet,1
etejlba,1
elatbej,1
bejetla,1
areejdh,1
DHEERAJ,1
DHEERAJ,1
jdaehre,1
dheeraj,1
hdncnaa,1
CHANDAN,1
daanchn,1
CHANDAN,1
chandan,1
laxman,1
LAXMAN,1
nmaxal,1
mlaxan,1
mlnaxa,1
jaidev,1
jaidev,1
jaidev,1
jaidev,1
JAIDEV,1
ntura,1
rutan,1
TARUN,1
TARUN,1
narut,1
radhey,1
RADHEY,1
hyerda,1
rehyda,1
aheyrd,1
pradeep,1
PRADEEP,1
pradeep,1
pradeep,1
rdppeea,1
hntiis,1
nitish,1
iithsn,1
NITISH,1
NITISH,1
AFTAB,1
aftab,1
aftab,1
AFTAB,1
aftab,1
VIKRAMJEET,1
vikramjeet,1
vaeirtjkme,1
VIKRAMJEET,1
VIKRAMJEET,1
MEENA,0
MEENA,0
nmeae,0
MEENA,0
enmea,0
angga,0
nagag,0
anagg,0
aggna,0
ggnaa,0
imuhrad,0
arumihd,0
MADHURI,0
riuamdh,0
hidaurm,0
HARPRIT,0
harprit,0
trahirp,0
ariphtr,0
thpairr,0
rnaiub,0
RUBINA,0
rubina,0
biruan,0
abunri,0
alakm,0
KAMLA,0
KAMLA,0
kamla,0
mklaa,0
